--
-- PostgreSQL database dump
--

-- Dumped from database version 16.9
-- Dumped by pg_dump version 16.5

SET statement_timeout = 0;
SET lock_timeout = 0;
SET idle_in_transaction_session_timeout = 0;
SET client_encoding = 'UTF8';
SET standard_conforming_strings = on;
SELECT pg_catalog.set_config('search_path', '', false);
SET check_function_bodies = false;
SET xmloption = content;
SET client_min_messages = warning;
SET row_security = off;

SET default_tablespace = '';

SET default_table_access_method = heap;

--
-- Name: anneesscolaires; Type: TABLE; Schema: public; Owner: neondb_owner
--

CREATE TABLE public.anneesscolaires (
    annee_id integer NOT NULL,
    libelle_annee text NOT NULL,
    est_courante boolean DEFAULT false NOT NULL
);


ALTER TABLE public.anneesscolaires OWNER TO neondb_owner;

--
-- Name: anneesscolaires_annee_id_seq; Type: SEQUENCE; Schema: public; Owner: neondb_owner
--

CREATE SEQUENCE public.anneesscolaires_annee_id_seq
    AS integer
    START WITH 1
    INCREMENT BY 1
    NO MINVALUE
    NO MAXVALUE
    CACHE 1;


ALTER SEQUENCE public.anneesscolaires_annee_id_seq OWNER TO neondb_owner;

--
-- Name: anneesscolaires_annee_id_seq; Type: SEQUENCE OWNED BY; Schema: public; Owner: neondb_owner
--

ALTER SEQUENCE public.anneesscolaires_annee_id_seq OWNED BY public.anneesscolaires.annee_id;


--
-- Name: attributionscours; Type: TABLE; Schema: public; Owner: neondb_owner
--

CREATE TABLE public.attributionscours (
    attributionid integer NOT NULL,
    enseignantid integer NOT NULL,
    codecours text NOT NULL,
    nbgroupespris integer DEFAULT 1 NOT NULL,
    annee_id_cours integer NOT NULL,
    CONSTRAINT attributionscours_nbgroupespris_check CHECK ((nbgroupespris > 0))
);


ALTER TABLE public.attributionscours OWNER TO neondb_owner;

--
-- Name: attributionscours_attributionid_seq; Type: SEQUENCE; Schema: public; Owner: neondb_owner
--

CREATE SEQUENCE public.attributionscours_attributionid_seq
    AS integer
    START WITH 1
    INCREMENT BY 1
    NO MINVALUE
    NO MAXVALUE
    CACHE 1;


ALTER SEQUENCE public.attributionscours_attributionid_seq OWNER TO neondb_owner;

--
-- Name: attributionscours_attributionid_seq; Type: SEQUENCE OWNED BY; Schema: public; Owner: neondb_owner
--

ALTER SEQUENCE public.attributionscours_attributionid_seq OWNED BY public.attributionscours.attributionid;


--
-- Name: champ_annee_statut; Type: TABLE; Schema: public; Owner: neondb_owner
--

CREATE TABLE public.champ_annee_statut (
    champ_no text NOT NULL,
    annee_id integer NOT NULL,
    est_verrouille boolean DEFAULT false NOT NULL
);


ALTER TABLE public.champ_annee_statut OWNER TO neondb_owner;

--
-- Name: champ_annee_statuts; Type: TABLE; Schema: public; Owner: neondb_owner
--

CREATE TABLE public.champ_annee_statuts (
    champ_no text NOT NULL,
    annee_id integer NOT NULL,
    est_verrouille boolean DEFAULT false NOT NULL,
    est_confirme boolean DEFAULT false NOT NULL
);


ALTER TABLE public.champ_annee_statuts OWNER TO neondb_owner;

--
-- Name: champs; Type: TABLE; Schema: public; Owner: neondb_owner
--

CREATE TABLE public.champs (
    champno text NOT NULL,
    champnom text NOT NULL
);


ALTER TABLE public.champs OWNER TO neondb_owner;

--
-- Name: cours; Type: TABLE; Schema: public; Owner: neondb_owner
--

CREATE TABLE public.cours (
    codecours text NOT NULL,
    champno text NOT NULL,
    coursdescriptif text NOT NULL,
    nbperiodes numeric(5,2) NOT NULL,
    nbgroupeinitial integer NOT NULL,
    estcoursautre boolean DEFAULT false NOT NULL,
    annee_id integer NOT NULL,
    financement_code text,
    CONSTRAINT cours_nbgroupeinitial_check CHECK ((nbgroupeinitial >= 0)),
    CONSTRAINT cours_nbperiodes_check CHECK ((nbperiodes >= (0)::numeric))
);


ALTER TABLE public.cours OWNER TO neondb_owner;

--
-- Name: COLUMN cours.financement_code; Type: COMMENT; Schema: public; Owner: neondb_owner
--

COMMENT ON COLUMN public.cours.financement_code IS 'Clé étrangère vers typesfinancement. NULL si estcoursautre=TRUE.';


--
-- Name: enseignants; Type: TABLE; Schema: public; Owner: neondb_owner
--

CREATE TABLE public.enseignants (
    enseignantid integer NOT NULL,
    nomcomplet text NOT NULL,
    nom text,
    prenom text,
    champno text NOT NULL,
    esttempsplein boolean DEFAULT true NOT NULL,
    estfictif boolean DEFAULT false NOT NULL,
    peutchoisirhorschampprincipal boolean DEFAULT false NOT NULL,
    annee_id integer NOT NULL,
    CONSTRAINT enseignants_nom_prenom_si_reel_check CHECK (((estfictif = true) OR ((nom IS NOT NULL) AND (prenom IS NOT NULL))))
);


ALTER TABLE public.enseignants OWNER TO neondb_owner;

--
-- Name: enseignants_enseignantid_seq; Type: SEQUENCE; Schema: public; Owner: neondb_owner
--

CREATE SEQUENCE public.enseignants_enseignantid_seq
    AS integer
    START WITH 1
    INCREMENT BY 1
    NO MINVALUE
    NO MAXVALUE
    CACHE 1;


ALTER SEQUENCE public.enseignants_enseignantid_seq OWNER TO neondb_owner;

--
-- Name: enseignants_enseignantid_seq; Type: SEQUENCE OWNED BY; Schema: public; Owner: neondb_owner
--

ALTER SEQUENCE public.enseignants_enseignantid_seq OWNED BY public.enseignants.enseignantid;


--
-- Name: preparation_horaire; Type: TABLE; Schema: public; Owner: neondb_owner
--

CREATE TABLE public.preparation_horaire (
    id integer NOT NULL,
    annee_id integer NOT NULL,
    secondaire_level integer NOT NULL,
    codecours text NOT NULL,
    annee_id_cours integer NOT NULL,
    enseignant_id integer NOT NULL,
    colonne_assignee text NOT NULL,
    CONSTRAINT preparation_horaire_secondaire_level_check CHECK (((secondaire_level >= 1) AND (secondaire_level <= 5)))
);


ALTER TABLE public.preparation_horaire OWNER TO neondb_owner;

--
-- Name: preparation_horaire_id_seq; Type: SEQUENCE; Schema: public; Owner: neondb_owner
--

CREATE SEQUENCE public.preparation_horaire_id_seq
    AS integer
    START WITH 1
    INCREMENT BY 1
    NO MINVALUE
    NO MAXVALUE
    CACHE 1;


ALTER SEQUENCE public.preparation_horaire_id_seq OWNER TO neondb_owner;

--
-- Name: preparation_horaire_id_seq; Type: SEQUENCE OWNED BY; Schema: public; Owner: neondb_owner
--

ALTER SEQUENCE public.preparation_horaire_id_seq OWNED BY public.preparation_horaire.id;


--
-- Name: typesfinancement; Type: TABLE; Schema: public; Owner: neondb_owner
--

CREATE TABLE public.typesfinancement (
    code text NOT NULL,
    libelle text NOT NULL
);


ALTER TABLE public.typesfinancement OWNER TO neondb_owner;

--
-- Name: TABLE typesfinancement; Type: COMMENT; Schema: public; Owner: neondb_owner
--

COMMENT ON TABLE public.typesfinancement IS 'Table de référence pour les types de financement des cours.';


--
-- Name: user_champ_access; Type: TABLE; Schema: public; Owner: neondb_owner
--

CREATE TABLE public.user_champ_access (
    user_id integer NOT NULL,
    champ_no text NOT NULL
);


ALTER TABLE public.user_champ_access OWNER TO neondb_owner;

--
-- Name: users; Type: TABLE; Schema: public; Owner: neondb_owner
--

CREATE TABLE public.users (
    id integer NOT NULL,
    username text NOT NULL,
    password_hash text NOT NULL,
    is_admin boolean DEFAULT false NOT NULL,
    is_dashboard_only boolean DEFAULT false NOT NULL,
    CONSTRAINT users_role_exclusivity_check CHECK ((NOT (is_admin AND is_dashboard_only)))
);


ALTER TABLE public.users OWNER TO neondb_owner;

--
-- Name: users_id_seq; Type: SEQUENCE; Schema: public; Owner: neondb_owner
--

CREATE SEQUENCE public.users_id_seq
    AS integer
    START WITH 1
    INCREMENT BY 1
    NO MINVALUE
    NO MAXVALUE
    CACHE 1;


ALTER SEQUENCE public.users_id_seq OWNER TO neondb_owner;

--
-- Name: users_id_seq; Type: SEQUENCE OWNED BY; Schema: public; Owner: neondb_owner
--

ALTER SEQUENCE public.users_id_seq OWNED BY public.users.id;


--
-- Name: anneesscolaires annee_id; Type: DEFAULT; Schema: public; Owner: neondb_owner
--

ALTER TABLE ONLY public.anneesscolaires ALTER COLUMN annee_id SET DEFAULT nextval('public.anneesscolaires_annee_id_seq'::regclass);


--
-- Name: attributionscours attributionid; Type: DEFAULT; Schema: public; Owner: neondb_owner
--

ALTER TABLE ONLY public.attributionscours ALTER COLUMN attributionid SET DEFAULT nextval('public.attributionscours_attributionid_seq'::regclass);


--
-- Name: enseignants enseignantid; Type: DEFAULT; Schema: public; Owner: neondb_owner
--

ALTER TABLE ONLY public.enseignants ALTER COLUMN enseignantid SET DEFAULT nextval('public.enseignants_enseignantid_seq'::regclass);


--
-- Name: preparation_horaire id; Type: DEFAULT; Schema: public; Owner: neondb_owner
--

ALTER TABLE ONLY public.preparation_horaire ALTER COLUMN id SET DEFAULT nextval('public.preparation_horaire_id_seq'::regclass);


--
-- Name: users id; Type: DEFAULT; Schema: public; Owner: neondb_owner
--

ALTER TABLE ONLY public.users ALTER COLUMN id SET DEFAULT nextval('public.users_id_seq'::regclass);


--
-- Data for Name: anneesscolaires; Type: TABLE DATA; Schema: public; Owner: neondb_owner
--

COPY public.anneesscolaires (annee_id, libelle_annee, est_courante) FROM stdin;
1	2024-2025	f
2	2025-2026	t
\.


--
-- Data for Name: attributionscours; Type: TABLE DATA; Schema: public; Owner: neondb_owner
--

COPY public.attributionscours (attributionid, enseignantid, codecours, nbgroupespris, annee_id_cours) FROM stdin;
7	200	A7ECR2	1	1
8	200	A7FRA8	1	1
177	222	A61PR4	1	1
9	200	A7HAB2	1	1
10	200	A7MAT8	1	1
11	200	A7PLA2	1	1
12	200	A7SCT2	1	1
13	201	A61AN2	1	1
14	201	A61ED2	1	1
15	201	A61FR6	1	1
16	201	A62AU4	1	1
17	201	A62ED2	1	1
18	201	A62FR4	1	1
19	201	A61UN2	1	1
20	201	A61SC2	1	1
21	202	A5CUI4	1	1
22	202	A5ECR2	1	1
23	202	A5ECR2	1	1
24	202	A5EDU4	1	1
25	202	A5EDU4	1	1
26	202	A5SCT2	1	1
27	202	A5SCT2	1	1
28	202	A5ANG4	1	1
29	203	A61AN2	1	1
30	203	A62AU4	1	1
31	203	A62FR4	1	1
32	203	A62TN2	1	1
33	203	A1DP36	1	1
34	203	A1DP36	1	1
35	203	A1DP36	1	1
36	203	A1DP36	1	1
37	203	A1DP36	1	1
38	203	A1DP36	1	1
39	226	ORTHO	1	1
40	204	A63AU1	1	1
41	204	A63AU1	1	1
42	204	A63FR2	1	1
43	204	A63FR2	1	1
44	204	A63MA2	1	1
45	204	A63MA2	1	1
46	204	A63PR1	1	1
47	204	A63PR1	1	1
48	204	A63UN1	1	1
49	204	A63UN1	1	1
50	205	A63I12	1	1
51	205	A63TN1	1	1
56	206	A5CUI4	1	1
57	206	A5FRA7	1	1
58	206	A5GE02	1	1
59	206	A5HIS2	1	1
60	206	A5MAT7	1	1
61	206	A5PLA2	1	1
62	207	A62ED2	1	1
63	207	A62I12	1	1
64	207	A62MA4	1	1
65	207	A62PR4	1	1
66	207	A62UN2	1	1
67	208	A5ANG4	1	1
68	208	A5CUI4	1	1
69	208	A5EDU4	1	1
73	208	A62FR4	1	1
74	209	A2EDS2	1	1
75	209	A2FRA9	1	1
76	209	A2GE02	1	1
77	209	A2HIS2	1	1
78	209	A2MAT9	1	1
79	209	A2EDU2	1	1
81	210	A5HIS2	1	1
82	210	A61AU4	1	1
83	210	A61AU4	1	1
84	210	A61ED2	1	1
85	210	A61MA6	1	1
86	210	A61MA6	1	1
89	210	A5GE02	1	1
94	211	A5ECR2	1	1
95	211	A5FRA7	1	1
96	211	A5GE02	1	1
97	211	A5HIS2	1	1
98	211	A5MAT7	1	1
99	211	A5PLA2	1	1
100	211	A5SCT2	1	1
101	212	A5ANG4	1	1
102	212	A5GE02	1	1
103	212	A5HIS2	1	1
104	212	A5MAT7	1	1
105	212	A5PLA2	1	1
106	212	A5FRA7	1	1
107	213	A61FR6	1	1
108	213	A61PR4	1	1
109	213	A61S06	1	1
110	213	A61SC2	1	1
111	213	A61TN2	1	1
112	213	A61UN2	1	1
113	208	A62AN2	1	1
114	213	A61AN2	1	1
115	214	A62AN2	1	1
116	214	A62I12	1	1
117	214	A62MA4	1	1
118	214	A62PR4	1	1
119	214	A62TN2	1	1
120	215	A3CRO2	1	1
121	215	A3LOI4	1	1
122	215	A3SCH2	1	1
123	215	A3VIE2	1	1
124	215	A61PR4	1	1
125	215	A61S06	1	1
126	215	A61SC2	1	1
127	215	A61TN2	1	1
128	208	A62ED2	1	1
129	215	A61ED2	1	1
130	216	A5ANG4	1	1
131	216	A5CUI4	1	1
132	216	A5ECR2	1	1
133	216	A5FRA7	1	1
134	216	A5MAT7	1	1
135	216	A5SCT2	1	1
136	217	A7ECR2	1	1
137	217	A7ANG2	1	1
138	217	A7GE02	1	1
140	217	A7HIS2	1	1
141	217	A7HAB2	1	1
142	217	A7MAT8	1	1
143	217	A7PLA2	1	1
144	217	A7SCT2	1	1
145	218	A7ANG2	1	1
147	218	A7EDU2	1	1
148	218	A7EDU2	1	1
149	218	A7FRA8	1	1
150	218	A7GE02	1	1
151	218	A7HIS2	1	1
153	219	A63TN1	1	1
154	221	A1DP36	1	1
155	221	A1DP36	1	1
156	221	A1DP36	1	1
157	221	A1DP36	1	1
158	221	A1DP36	1	1
159	221	A1DP36	1	1
160	221	A1DP36	1	1
161	221	A1DP36	1	1
162	221	A1DP36	1	1
163	221	A1DP36	1	1
164	221	A1DP36	1	1
165	221	A1DP36	1	1
166	220	A1DP36	1	1
167	220	A1DP36	1	1
168	220	A1DP36	1	1
169	220	A1DP36	1	1
170	220	A1DP36	1	1
171	220	A2MUS2	1	1
172	220	A2PLA2	1	1
173	220	A2SCT6	1	1
174	208	A62AU4	1	1
175	222	A61AU4	1	1
176	222	A61MA6	1	1
178	222	A61S06	1	1
179	222	A61TN2	1	1
180	222	A61UN2	1	1
181	223	A1DP36	1	1
182	223	A1DP36	1	1
183	223	A1DP36	1	1
184	223	A1DP36	1	1
185	223	A1DP36	1	1
186	223	A1DP36	1	1
187	223	A1DP36	1	1
188	223	A1DP36	1	1
189	223	A1DP36	1	1
190	223	A1DP36	1	1
191	223	A1DP36	1	1
192	223	A1DP36	1	1
193	223	A1DP36	1	1
194	224	A3FRA3	1	1
195	224	A3MAT3	1	1
196	224	A3ST20	1	1
197	225	A62I12	1	1
198	225	A62MA4	1	1
199	225	A62PR4	1	1
200	225	A62TN2	1	1
201	225	A62UN2	1	1
208	300	A5EDU4	1	1
209	300	A5PLA2	1	1
210	300	A61FR6	1	1
212	300	A62UN2	1	1
214	219	A63I12	1	1
216	217	A7CUI2	1	1
217	218	A7CUI2	1	1
218	218	A7CUI4	1	1
219	227	ANG404	1	1
220	227	ANG404	1	1
221	227	ANS303	1	1
222	227	ANG434	1	1
223	227	ANS403	1	1
224	227	ANS403	1	1
225	227	ANG434	1	1
226	228	ANG334	1	1
227	228	ANG334	1	1
228	228	ANS333	1	1
229	228	ANG504	1	1
230	228	ANS503	1	1
231	228	ANS503	1	1
232	228	RESAU2	1	1
233	228	RESAU2	1	1
234	228	SOUAN2	1	1
235	228	SOUAN2	1	1
236	228	RESS	1	1
237	229	ANG104	1	1
238	229	ANG104	1	1
239	229	ANG104	1	1
240	229	ANS203	1	1
241	229	ANS203	1	1
242	229	ANG203	1	1
243	229	ANG203	1	1
244	229	RESS	1	1
245	230	ANG134	1	1
246	230	ANG404	1	1
247	230	ANG404	1	1
248	230	ANG233	1	1
249	230	ANS403	1	1
250	230	ANS403	1	1
251	230	RESS	1	1
252	230	SOUAN1	1	1
253	230	SOUAN2	1	1
254	231	ANG504	1	1
255	231	ANG504	1	1
256	231	ANG534	1	1
257	231	ANS533	1	1
258	231	ANG534	1	1
259	231	RESS	1	1
260	231	SOUAN1	1	1
261	232	ANG104	1	1
262	232	ANG104	1	1
263	232	ANG104	1	1
264	232	ANS103	1	1
265	232	ANS103	1	1
266	232	ANS103	1	1
267	232	ANG104	1	1
268	233	ANG304	1	1
269	233	ANS303	1	1
270	233	ANS303	1	1
271	233	ANG304	1	1
272	233	ANG504	1	1
273	233	ANS503	1	1
274	233	RESS	1	1
275	233	SOUAN1	1	1
276	233	RESS	1	1
285	234	PSA404	1	1
286	234	PSA404	1	1
287	234	PSA404	1	1
288	234	PSA404	1	1
289	234	EDU402	1	1
290	234	EDU402	1	1
291	234	EDU402	1	1
292	234	EDU402	1	1
293	235	PDL104	1	1
294	235	PDL104	1	1
295	235	PDL204	1	1
296	235	PDL204	1	1
297	235	EDU102	1	1
298	235	EDU102	1	1
299	235	EDU202	1	1
300	235	EDU202	1	1
301	236	PSA304	1	1
302	236	PSA304	1	1
303	236	EDU302	1	1
304	236	EDU302	1	1
305	236	EDU302	1	1
306	236	EDU302	1	1
307	236	EDU302	1	1
308	236	EDS301	1	1
309	236	EDS301	1	1
310	236	EDS301	1	1
311	236	EDS301	1	1
312	236	EDU302	1	1
313	237	PSA104	1	1
314	237	PSA104	1	1
315	237	PSA104	1	1
316	237	EDU102	1	1
317	237	EDU102	1	1
318	237	EDU102	1	1
319	237	EDU102	1	1
320	237	EDU102	1	1
321	237	EDU102	1	1
322	235	COORDA	1	1
323	234	COORVA	1	1
324	238	PSA204	1	1
325	238	PSA204	1	1
326	238	PSA204	1	1
327	238	EDU202	1	1
328	238	EDU202	1	1
329	238	EDU202	1	1
330	238	PSA304	1	1
331	238	EDU302	1	1
332	238	COORVA	1	1
377	239	COORPL	1	1
380	240	PLA203	1	1
383	240	PLA203	1	1
384	240	PLA302	1	1
385	240	PLA302	1	1
386	240	PLA302	1	1
414	241	PLA4P2	1	1
417	241	PLA502	1	1
418	241	PLA502	1	1
424	242	PLS401	1	1
425	242	PLS401	1	1
426	242	PLS401	1	1
427	242	PLS401	1	1
429	242	PLS501	1	1
433	242	SOUMAJ	1	1
434	242	SOUMAJ	1	1
454	313	PSA502	1	1
489	313	PSA502	1	1
490	313	PSA502	1	1
491	313	EDU502	1	1
492	313	EDU502	1	1
493	313	EDU502	1	1
494	313	EDU502	1	1
495	313	EDU502	1	1
496	313	EDU544	1	1
497	313	EDU544	1	1
498	313	EDS501	1	1
499	316	EDO402	1	1
500	316	EDO402	1	1
501	316	EDO402	1	1
502	316	EDO402	1	1
503	316	EDU402	1	1
504	316	EDU402	1	1
505	316	EDU402	1	1
506	316	EDU402	1	1
507	316	EDU402	1	1
508	316	EDS401	1	1
509	316	EDS401	1	1
510	316	EDS401	1	1
511	316	EDS401	1	1
512	316	EDS501	1	1
513	316	EDS501	1	1
514	316	EDS501	1	1
515	317	EDS101	1	1
516	317	EDS101	1	1
517	317	EDS101	1	1
518	317	EDS201	1	1
519	317	EDS201	1	1
520	317	EDS201	1	1
521	317	EDU102	1	1
522	317	EDU102	1	1
523	317	EDU502	1	1
524	317	EDU502	1	1
525	317	EDU504	1	1
526	317	EDU202	1	1
527	317	EDU202	1	1
528	317	EDU202	1	1
529	317	EDU202	1	1
531	318	EDU504	1	1
532	300	A62AN2	1	1
533	320	ANG203	1	1
534	320	ANG203	1	1
535	320	ANG304	1	1
536	320	ANG304	1	1
537	320	ANG304	1	1
538	320	ANG304	1	1
539	320	RESS	1	1
540	320	RESS	1	1
541	321	ANG203	1	1
542	321	ANG203	1	1
543	321	ANS203	1	1
544	321	ANG404	1	1
545	321	ANG404	1	1
546	321	ANG404	1	1
547	321	RESS	1	1
548	321	RESS	1	1
549	321	RESAU2	1	1
551	322	ANG104	1	1
552	322	ANG104	1	1
553	322	ANG203	1	1
554	322	ANG203	1	1
564	239	PAP104	1	1
566	239	PAP204	1	1
567	239	PAP304	1	1
570	240	PLA2P3	1	1
577	241	PLA402	1	1
579	241	PAP502	1	1
580	239	PLA103	1	1
581	239	PLA1P3	1	1
582	239	PLA2P3	1	1
583	239	PLA3P2	1	1
585	240	PLA203	1	1
586	240	PLA203	1	1
587	241	PAP404	1	1
588	241	PLA5P2	1	1
589	241	PLA5P4	1	1
590	241	PLS501	1	1
591	241	COORPL	1	1
592	242	PAP404	1	1
593	242	PLA4P2	1	1
594	242	PLA402	1	1
595	242	PLA402	1	1
596	242	PLA402	1	1
599	240	PAP204	1	1
600	242	PLA402	1	1
601	242	PLA402	1	1
602	782	PLA103	1	1
603	782	PLA103	1	1
605	782	PLA103	1	1
606	782	PLA103	1	1
610	242	PLA502	1	1
611	782	PLS501	1	1
612	782	PLS501	1	1
625	262	SOU001	1	1
626	262	SOU001	1	1
628	689	CC71P24	1	2
629	690	FPT12P12	1	2
630	691	CC72P24	1	2
631	692	FPT3P24	1	2
632	693	FPT12P24	1	2
633	694	CC3P12	1	2
634	694	CC4P12	1	2
635	690	CC11P12	1	2
636	695	CC4P24	1	2
637	700	CC52P26	1	2
638	701	CC71P12	1	2
639	701	CC72P12	1	2
640	696	FPT3P12	1	2
641	696	CC51P12	1	2
642	697	CC11P24	1	2
643	698	CC12P10	1	2
644	698	CC2P10	1	2
645	699	CC12P26	1	2
646	702	CC2P26	1	2
647	703	ORTHO	1	2
654	719	PAP104	1	2
656	719	PAP204	1	2
657	719	PLA2P3	1	2
658	719	PAP304	1	2
659	719	PLA3P2	1	2
660	719	PLA103	1	2
661	719	COORPL	1	2
662	720	PAP404	1	2
663	720	PAP402	1	2
664	720	PLA4P2	1	2
665	720	PAP502	1	2
666	720	PLA5P2	1	2
667	720	PLA5P4	1	2
668	720	COORPL	1	2
669	720	PLA502	1	2
674	767	COORSE	1	2
676	791	CC51P24	1	2
677	792	CC3P24	1	2
682	780	DRA302	1	2
683	780	DRA302	1	2
684	780	DRA302	1	2
685	780	DRA402	1	2
687	780	DRA402	1	2
688	780	DRS202	1	2
689	780	DRS202	1	2
691	780	DRS302	1	2
694	780	DRS302	1	2
695	780	RESSAD	1	2
696	795	DRA103	1	2
697	795	DRA103	1	2
698	795	DRA203	1	2
699	795	DRA203	1	2
700	795	DRA203	1	2
703	795	DRS102	1	2
704	795	DRS102	1	2
706	715	EDU1P2	1	2
708	796	DRA502	1	2
710	796	DRA502	1	2
711	715	EDU2P2	1	2
712	715	PDL104	1	2
714	715	EDU3P2	1	2
715	715	PDL304	1	2
716	715	PDL204	1	2
717	715	COORDA	1	2
718	711	EDU402	1	2
720	711	PSA404	1	2
721	711	PSA404	1	2
725	711	EDU402	1	2
728	711	COORVA	1	2
729	718	EDU2V2	1	2
730	718	EDU2V2	1	2
731	718	PSA204	1	2
732	718	PSA204	1	2
733	718	EDU1V2	1	2
734	718	PSA104	1	2
737	718	COORVA	1	2
740	717	EDU1V2	1	2
741	717	EDU1V2	1	2
742	717	PSA104	1	2
743	717	PSA104	1	2
744	717	EDU2V2	1	2
745	717	EDU2V2	1	2
746	717	PSA204	1	2
747	717	PSA204	1	2
748	770	UNS105	1	2
749	770	UNS105	1	2
750	770	UNS105	1	2
751	770	UNS205	1	2
752	770	UNS205	1	2
753	777	FIS502	1	2
754	777	FIS502	1	2
755	777	FIS502	1	2
756	777	FIS502	1	2
757	777	IMS553	1	2
758	777	IMC504	1	2
759	777	IMS553	1	2
760	777	MDS502	1	2
761	777	MDS502	1	2
762	777	MDS502	1	2
763	768	HSS304	1	2
764	768	HSS304	1	2
765	768	HIS304	1	2
766	768	HIS304	1	2
767	768	UNS105	1	2
768	768	UNS105	1	2
769	779	USS204	1	2
770	779	UNS205	1	2
771	779	HIS404	1	2
772	779	HIS404	1	2
773	779	HSS403	1	2
774	779	HSS403	1	2
775	779	UTU401	1	2
777	718	EDU1P2	1	2
778	718	PDL104	1	2
779	715	EDU2P2	1	2
780	715	PDL204	1	2
781	711	EDU3V2	1	2
782	711	EDU3V2	1	2
783	711	PSA304	1	2
784	711	PSA304	1	2
785	795	DRS202	1	2
786	716	PSA304	1	2
787	716	EDU3V2	1	2
788	795	DRS302	1	2
789	716	EDU302	1	2
790	716	EDU302	1	2
791	716	EDU302	1	2
793	716	EDS301	1	2
795	795	DRS302	1	2
796	716	EDS301	1	2
797	716	EDS301	1	2
798	716	EDS301	1	2
799	780	DRA203	1	2
800	716	EDU202	1	2
801	716	EDU202	1	2
802	716	EDU202	1	2
803	714	EDU402	1	2
804	714	PSA404	1	2
805	714	EDU402	1	2
806	714	EDU402	1	2
807	714	EDU402	1	2
808	714	EDU402	1	2
809	714	EDO402	1	2
810	714	EDS401	1	2
811	714	EDS401	1	2
812	714	EDS401	1	2
813	714	EDS401	1	2
814	714	EDS501	1	2
815	714	EDS501	1	2
816	714	EDS501	1	2
818	713	PSA502	1	2
819	713	PSA502	1	2
820	713	EDU504	1	2
821	713	EDU502	1	2
822	713	EDU502	1	2
823	713	EDU502	1	2
824	713	EDU502	1	2
825	713	EDU502	1	2
826	713	EDU502	1	2
827	713	EDS501	1	2
828	722	FRA208	1	2
829	722	FRA208	1	2
830	722	FRA208	1	2
831	776	UTU401	1	2
832	723	FRS405	1	2
833	776	SOU001	1	2
834	723	FRS405	1	2
835	723	FRA406	1	2
836	706	ANG104	1	2
837	723	FRA406	1	2
838	776	HSS403	1	2
839	776	HSS403	1	2
841	776	HIS404	1	2
842	776	HIS404	1	2
843	776	HIS404	1	2
847	723	SOUFR2	1	2
849	717	EDS101	1	2
850	724	FRS306	1	2
851	724	FRS306	1	2
852	724	FRA308	1	2
853	724	RESSFR	1	2
855	724	RESSFR	1	2
856	724	SOUFR2	1	2
857	706	ANG203	1	2
859	725	FRA107	1	2
860	773	GEO594	1	2
861	725	FRA107	1	2
862	773	GES593	1	2
863	725	FRA107	1	2
864	773	GES593	1	2
865	725	RESSFR	1	2
866	725	RESSFR	1	2
867	725	RESSFR	1	2
868	726	FRA406	1	2
870	726	FRA406	1	2
871	726	FRS405	1	2
872	726	FRS405	1	2
873	726	RESSFR	1	2
874	726	SOUFR2	1	2
875	706	ANG104	1	2
876	773	MDC502	1	2
877	773	MDC502	1	2
878	773	MDC502	1	2
879	773	MDC502	1	2
880	727	FRA308	1	2
881	706	ANG104	1	2
882	727	FRA308	1	2
883	727	FRA308	1	2
885	706	ANG203	1	2
886	773	FIN502	1	2
887	773	FIN502	1	2
888	773	FIN502	1	2
889	728	FRA107	1	2
890	728	FRA107	1	2
891	728	FRS106	1	2
892	706	ANS5C1	1	2
893	706	ANS5C1	1	2
894	780	DRS102	1	2
895	780	DRO402	1	2
896	776	PSE404	1	2
897	728	PSE104	1	2
898	729	FRA107	1	2
899	729	FRA107	1	2
900	729	FRA107	1	2
901	729	ENSAID	1	2
902	729	ENSAID	1	2
903	704	ANG404	1	2
904	704	ANG404	1	2
905	704	ANG434	1	2
906	704	ANG434	1	2
907	730	FRS506	1	2
908	730	FRS506	1	2
909	771	USS204	1	2
910	730	FRA506	1	2
911	771	USS204	1	2
912	704	ANS433	1	2
913	730	FRA506	1	2
914	704	ANS433	1	2
915	771	HIS304	1	2
916	771	HIS304	1	2
917	771	HIS304	1	2
918	730	SOUFR2	1	2
919	771	HIS304	1	2
920	704	RESSAG	1	2
921	767	CQS402	1	2
922	704	RESSAG	1	2
923	731	FRS306	1	2
924	731	FRS306	1	2
925	731	FRA308	1	2
926	767	CQS402	1	2
927	767	CQS402	1	2
928	767	CQS402	1	2
929	731	RESSFR	1	2
930	731	RESSFR	1	2
931	731	RESSFR	1	2
932	731	SOUFR2	1	2
933	732	FRA107	1	2
934	705	ANG334	1	2
935	767	CCQ402	1	2
936	705	ANG334	1	2
937	732	FRA107	1	2
938	705	ANS333	1	2
939	705	ANS333	1	2
940	774	HSS304	1	2
941	705	ANG504	1	2
942	705	ANG504	1	2
943	774	HSS304	1	2
946	740	MAT5T6	1	2
947	774	HIS304	1	2
948	774	HIS304	1	2
949	740	MAT5T6	1	2
950	766	CCQ402	1	2
951	705	RESSAG	1	2
952	740	MAT5T6	1	2
953	705	RESSAG	1	2
954	732	FRS106	1	2
955	766	CCQ402	1	2
956	774	UNS205	1	2
957	705	RESSAG	1	2
958	732	FRS106	1	2
959	766	CCQ402	1	2
960	774	UNS205	1	2
961	766	CCQ402	1	2
962	766	CCQ402	1	2
963	766	CCQ402	1	2
964	740	MAS5T5	1	2
965	732	SOUFR1	1	2
966	732	SOUFR1	1	2
967	740	SOU003	1	2
968	765	CQS102	1	2
969	740	SOUMT2	1	2
970	740	SOUMT2	1	2
971	765	CQS102	1	2
972	765	CQS102	1	2
973	737	FRA208	1	2
974	737	FRS206	1	2
975	737	FRS206	1	2
976	765	CQS202	1	2
977	737	SOUFR1	1	2
978	707	ANG134	1	2
979	737	SOUFR1	1	2
980	765	CQS202	1	2
981	765	CQS202	1	2
982	707	ANG134	1	2
983	707	ANG134	1	2
984	737	RESSFR	1	2
986	765	CCQ102	1	2
987	765	CCQ102	1	2
988	707	ANG404	1	2
989	765	CCQ102	1	2
990	733	FRA208	1	2
991	707	ANS403	1	2
992	707	ANS403	1	2
993	733	FRA308	1	2
994	733	FRA308	1	2
995	707	RESSAG	1	2
996	707	SOUAG1	1	2
997	734	FRA506	1	2
998	734	FRA506	1	2
999	734	FRS506	1	2
1000	707	SOUAG2	1	2
1001	734	FRS506	1	2
1002	775	UNS105	1	2
1003	734	SOUFR1	1	2
1004	775	UNS105	1	2
1005	775	UNS105	1	2
1006	735	FRA406	1	2
1007	765	CCQ202	1	2
1008	765	CCQ202	1	2
1009	735	FRA406	1	2
1010	735	FRA406	1	2
1011	765	CCQ202	1	2
1012	735	FRA308	1	2
1013	741	MAT5T6	1	2
1014	764	CQS501	1	2
1015	741	MAS5T5	1	2
1016	764	CQS501	1	2
1017	764	CQS501	1	2
1018	764	CQS501	1	2
1020	764	CCQ502	1	2
1021	775	HIS404	1	2
1022	764	CCQ502	1	2
1023	764	CCQ502	1	2
1024	764	CCQ502	1	2
1025	764	CCQ502	1	2
1026	764	CCQ502	1	2
1027	764	CCQ502	1	2
1028	775	RESSAH	1	2
1030	720	PLS401	1	2
1031	736	FRA208	1	2
1032	720	PLS401	1	2
1033	736	FRA208	1	2
1034	736	FRA208	1	2
1035	708	ANG504	1	2
1036	708	ANG534	1	2
1037	708	ANG534	1	2
1038	708	ANG534	1	2
1039	741	MAT5C4	1	2
1040	764	CCQ102	1	2
1041	741	MAT5C4	1	2
1042	708	ANS533	1	2
1043	764	CCQ102	1	2
1044	708	ANS533	1	2
1045	764	CCQ102	1	2
1046	708	SOUAG1	1	2
1047	708	SOUAG2	1	2
1048	714	EDU302	1	2
1049	741	SOUMT2	1	2
1051	716	EDU202	1	2
1052	721	PLS501	1	2
1053	721	PLS501	1	2
1054	721	PLS501	1	2
1055	721	PLS401	1	2
1056	709	ANG104	1	2
1057	721	PLS401	1	2
1058	709	ANG104	1	2
1059	709	ANG104	1	2
1060	769	USS104	1	2
1061	721	PLO402	1	2
1062	769	USS104	1	2
1063	741	MAS5C4	1	2
1064	769	USS104	1	2
1065	721	SOUAP1	1	2
1067	709	ANS103	1	2
1069	721	PLA502	1	2
1070	709	ANS103	1	2
1071	721	PLA502	1	2
1072	721	PLA502	1	2
1073	709	RESSAG	1	2
1074	721	PLA402	1	2
1075	721	PLA402	1	2
1077	721	PLA402	1	2
1078	709	SOUAG1	1	2
1081	721	PLA302	1	2
1082	749	MAS125	1	2
1083	710	ANG203	1	2
1084	749	MAS125	1	2
1085	749	MAT105	1	2
1086	749	MAT105	1	2
1087	710	ANG233	1	2
1088	749	PSE304	1	2
1089	710	ANG233	1	2
1090	749	SOUMT1	1	2
1091	710	ANG233	1	2
1092	749	SOUMT1	1	2
1093	710	ANS203	1	2
1095	725	RESSFR	1	2
1096	710	ANS203	1	2
1098	710	SOUAG2	1	2
1099	710	RESSAG	1	2
1100	710	RESSAG	1	2
1101	739	MAS4C6	1	2
1102	739	ENSAIM	1	2
1103	739	ENSAIM	1	2
1104	739	ENSAIM	1	2
1105	739	RESSMT	1	2
1108	720	SOUAP2	1	2
1110	769	HIS404	1	2
1111	738	MAS125	1	2
1112	738	MAT105	1	2
1113	738	MAT105	1	2
1114	800	PAP104	1	2
1115	738	COORAI	1	2
1117	738	ENSAIM	1	2
1118	738	ENSAIM	1	2
1119	800	PLA103	1	2
1120	738	ENSAIM	1	2
1121	800	PLA103	1	2
1122	800	PLA103	1	2
1123	738	SOUMT1	1	2
1124	800	PLA1P3	1	2
1125	769	UNS105	1	2
1130	726	RESSFR	1	2
1131	742	MAT4C6	1	2
1132	742	MAT4C6	1	2
1133	742	MAT4C6	1	2
1134	742	MAT4T6	1	2
1138	800	PLA302	1	2
1139	713	EDS101	1	2
1140	713	EDS101	1	2
1141	713	EDS201	1	2
1143	744	MAS226	1	2
1147	744	MAT206	1	2
1148	772	MDC504	1	2
1150	744	MAT206	1	2
1151	744	MAT206	1	2
1153	772	MDC504	1	2
1154	772	MDC504	1	2
1159	744	RESSMT	1	2
1160	800	PLA302	1	2
1161	772	HIS404	1	2
1163	800	PLA302	1	2
1168	713	EDS201	1	2
1169	745	MAS306	1	2
1170	745	MAT306	1	2
1171	745	MAT306	1	2
1172	745	MAT306	1	2
1173	801	PLA203	1	2
1175	801	PLA203	1	2
1176	712	EDS201	1	2
1177	801	PLA203	1	2
1179	801	PLA203	1	2
1182	712	EDU102	1	2
1183	712	EDU102	1	2
1184	712	EDU102	1	2
1185	712	EDU102	1	2
1186	712	EDU102	1	2
1188	746	MAS4C6	1	2
1189	712	EDU502	1	2
1192	712	EDU504	1	2
1193	712	PSA502	1	2
1194	746	MAS4T6	1	2
1195	746	MAT4T6	1	2
1196	757	PHS503	1	2
1197	746	SOUMT2	1	2
1198	757	PHS503	1	2
1199	746	SOUMT2	1	2
1201	757	PHY504	1	2
1202	757	PHY5T4	1	2
1203	757	PHY5T4	1	2
1204	757	MENTOR	1	2
1205	757	SOUSC2	1	2
1206	747	MAS4T6	1	2
1207	747	MAS4T6	1	2
1208	747	MAT4T6	1	2
1209	772	MDC502	1	2
1210	747	SOUMT1	1	2
1211	772	MDC502	1	2
1212	747	SOUMT1	1	2
1213	772	MDS502	1	2
1215	748	MAS306	1	2
1216	748	MAT306	1	2
1217	778	UNS205	1	2
1218	748	MAT306	1	2
1219	748	MAT306	1	2
1220	778	UNS205	1	2
1221	778	UNS205	1	2
1222	759	PSC404	1	2
1223	778	UNS205	1	2
1224	778	UNS205	1	2
1226	759	SCT4T6	1	2
1227	759	COORSC	1	2
1228	750	MAT105	1	2
1229	750	MAT105	1	2
1230	750	MAT105	1	2
1231	750	MAT105	1	2
1233	759	FABL4B	1	2
1234	750	RESSMT	1	2
1235	750	RESSMT	1	2
1237	750	RESSMT	1	2
1238	750	RESSMT	1	2
1240	759	SCT4T6	1	2
1243	802	ANS503	1	2
1246	751	MAS226	1	2
1247	751	MAS226	1	2
1248	751	MAT206	1	2
1249	751	MAT206	1	2
1251	752	MAT105	1	2
1252	752	MAT105	1	2
1254	752	PSE204	1	2
1255	752	PSE502	1	2
1256	752	PSE504	1	2
1257	752	COOREL	1	2
1258	752	COOREL	1	2
1259	752	RESSMT	1	2
1260	752	RESSMT	1	2
1262	802	ANS503	1	2
1263	802	RESSAG	1	2
1264	753	MAT206	1	2
1265	753	MAT206	1	2
1266	753	MAT206	1	2
1267	753	MAT206	1	2
1268	754	MAS306	1	2
1269	754	MAS306	1	2
1270	754	MAT306	1	2
1271	754	MAT306	1	2
1272	743	MAS5C4	1	2
1273	743	MAT5C4	1	2
1274	743	MAT4C6	1	2
1275	743	RESSMT	1	2
1276	743	RESSMT	1	2
1277	743	RESSMT	1	2
1278	743	RESSMT	1	2
1279	802	ANG504	1	2
1280	743	RESSMT	1	2
1281	743	RESSMT	1	2
1282	802	ANG304	1	2
1283	723	RESSFR	1	2
1284	802	ANG304	1	2
1287	799	ANG203	1	2
1288	724	RESSFR	1	2
1289	769	HIS404	1	2
1290	799	ANG203	1	2
1291	799	ANG404	1	2
1292	799	ANG404	1	2
1293	759	PSC404	1	2
1294	799	ANG203	1	2
1295	775	UNS105	1	2
1296	772	RESSAH	1	2
1297	801	PLS501	1	2
1298	755	SCS305	1	2
1299	755	SCS305	1	2
1301	802	ANG304	1	2
1302	772	SOU001	1	2
1303	803	ANG304	1	2
1305	803	ANG304	1	2
1306	803	ANG304	1	2
1307	803	ANS303	1	2
1308	719	PLA1P3	1	2
1309	800	PLA103	1	2
1310	799	RESSAG	1	2
1311	803	ANS303	1	2
1312	755	SCT306	1	2
1313	755	SCT306	1	2
1314	755	RESSAU	1	2
1315	755	RESSAU	1	2
1316	756	PSC104	1	2
1317	756	PSC104	1	2
1318	756	SCT1P4	1	2
1319	756	SCT1P4	1	2
1320	756	COORSC	1	2
1321	756	FABL8B	1	2
1322	758	PSC204	1	2
1323	758	PSC204	1	2
1324	758	SCT2P3	1	2
1325	758	SCT2P3	1	2
1326	758	SCT446	1	2
1327	737	RESSFR	1	2
1328	758	SCT444	1	2
1329	758	RESSAU	1	2
1330	760	CHI504	1	2
1331	760	CHI5T4	1	2
1332	760	CHI5T4	1	2
1333	760	CHS503	1	2
1334	760	CHS503	1	2
1335	760	PSC502	1	2
1336	760	PSC502	1	2
1337	760	SOUSC2	1	2
1338	760	SOUSC1	1	2
1339	761	SCT104	1	2
1340	761	SCT104	1	2
1341	761	SCT104	1	2
1342	761	SCT104	1	2
1343	761	SCT104	1	2
1344	761	SCT104	1	2
1345	761	RESSAU	1	2
1347	762	SCS305	1	2
1348	762	SCS305	1	2
1349	762	SCS446	1	2
1350	762	SCS446	1	2
1351	763	SCS446	1	2
1352	763	SCS446	1	2
1353	763	SCT446	1	2
1354	763	SCT444	1	2
1355	763	RESSAU	1	2
1356	763	SOUSC1	1	2
1357	744	RESSMT	1	2
1358	806	FRA208	1	2
1359	806	FRA208	1	2
1360	806	FRS206	1	2
1361	806	RESSFR	1	2
1363	806	RESSFR	1	2
1364	807	PSC304	1	2
1365	808	FRA506	1	2
1366	807	PSC304	1	2
1367	808	FRA506	1	2
1368	808	FRA506	1	2
1369	808	RESSFR	1	2
1370	807	SCT3P6	1	2
1371	807	SCT3P6	1	2
1372	808	RESSFR	1	2
1373	808	RESSFR	1	2
1374	807	SCS104	1	2
1375	809	SCS104	1	2
1376	809	SCS104	1	2
1377	809	SCT104	1	2
1378	809	SCT104	1	2
1379	809	SCT444	1	2
1380	809	SCT444	1	2
1381	810	SCS203	1	2
1382	810	SCS203	1	2
1383	810	SCT203	1	2
1384	810	SCT203	1	2
1385	810	SCT203	1	2
1386	811	SCT306	1	2
1387	811	SCT306	1	2
1388	811	SCT306	1	2
1389	811	SCT306	1	2
1390	812	SCT203	1	2
1391	812	SCT203	1	2
1392	812	SCT203	1	2
1393	812	SCT203	1	2
1394	812	SCT203	1	2
1395	812	SCS203	1	2
1396	706	ANS203	1	2
1397	709	ANG104	1	2
1398	709	RESSAG	1	2
1399	706	RESSAG	1	2
1400	710	ANG203	1	2
1401	802	RESSAG	1	2
1402	803	ANS103	1	2
1404	813	CCQ102	1	2
1405	813	CCQ102	1	2
1406	813	CCQ102	1	2
1408	813	CCQ202	1	2
1409	813	CCQ202	1	2
1410	813	CCQ202	1	2
1411	813	CCQ202	1	2
1412	813	CCQ202	1	2
1413	813	CCQ202	1	2
1414	813	CCQ102	1	2
1415	793	CC52P10	1	2
1416	813	CCQ202	1	2
1435	825	MUS103	1	2
1436	825	MUS203	1	2
1437	825	MUS302	1	2
1438	825	MUS402	1	2
1439	825	MUS502	1	2
\.


--
-- Data for Name: champ_annee_statut; Type: TABLE DATA; Schema: public; Owner: neondb_owner
--

COPY public.champ_annee_statut (champ_no, annee_id, est_verrouille) FROM stdin;
01	1	f
\.


--
-- Data for Name: champ_annee_statuts; Type: TABLE DATA; Schema: public; Owner: neondb_owner
--

COPY public.champ_annee_statuts (champ_no, annee_id, est_verrouille, est_confirme) FROM stdin;
08	2	t	t
11	2	t	t
13b	2	t	t
17	2	t	t
09	2	t	t
13a	2	t	t
12	2	t	t
19b	2	t	t
14	2	f	t
01	2	t	t
\.


--
-- Data for Name: champs; Type: TABLE DATA; Schema: public; Owner: neondb_owner
--

COPY public.champs (champno, champnom) FROM stdin;
19	Sports électroniques
10	Musique
01	Adaptation scolaire
19b	Art dramatique
14	Culture et citoyenneté québécoise
09	Éducation physique et à la santé
11	Arts plastiques
17	Univers social
13a	Maths
12	Français
13b	Sciences et technologie
08	Anglais langue seconde
\.


--
-- Data for Name: cours; Type: TABLE DATA; Schema: public; Owner: neondb_owner
--

COPY public.cours (codecours, champno, coursdescriptif, nbperiodes, nbgroupeinitial, estcoursautre, annee_id, financement_code) FROM stdin;
SOUAG1	08	Mesures de soutien - SÉ 1er cycle	1.00	3	t	2	SO
SOUAG2	08	Mesures de soutien - SÉ 2e cycle	1.00	3	t	2	SO
RESSAG	08	Enseignement ressource anglais	1.00	14	t	2	ER
COORDA	09	Coordination - DLTA	1.00	1	t	2	SLPP
COORVA	09	Coordination - Santé Active	1.00	2	t	2	SLPP
ANS103	08	Anglais 1 rég. - SÉ	3.00	3	f	2	SE
ANS203	08	Anglais 2 rég. - SÉ	3.00	3	f	2	SE
ANS303	08	Anglais 3 rég. - SÉ	3.00	2	f	2	SE
ANG104	08	Anglais 1 rég.	4.00	7	f	2	R
ANG134	08	Anglais 1 eesl (si l'org. scol. le permet)	4.00	3	f	2	R
ANG203	08	Anglais 2	3.00	7	f	2	R
ANG304	08	Anglais 3 rég.	4.00	6	f	2	R
COORPL	11	Coordination - Arts plastiques	1.00	2	t	2	SLPP
RESSAA	11	Ressources autres - Sec.1 à 5	1.00	1	t	2	SLRE
SOUAP1	11	Mesures de soutien - SÉ Mise à jour arts 1er cycle	1.00	1	t	2	SO
SOUAP2	11	Mesures de soutien - SÉ Mise à jour arts 2e cycle	1.00	1	t	2	SO
ENSAID	12	Enseignement Centre d'aide français	2.00	2	t	2	ALT
RESSFR	12	Enseignement ressource francais	1.00	20	t	2	ER
SOUFR1	12	Mesures de soutien - SÉ 1er cycle	1.00	5	t	2	SO
SOUFR2	12	Mesures de soutien - SÉ 2e cycle	1.00	5	t	2	SO
COORAI	13a	Coordonnateur Centre d'aide	1.00	1	t	2	SLAL
COOREL	13a	Coordination - Sport électronique	1.00	2	t	2	SLPP
ENSAIM	13a	Enseignement Centre d'aide mathématiques	1.00	6	t	2	ALT
RESSMT	13a	Enseignement ressource mathématiques	1.00	21	t	2	ER
SOU003	13a	Mesures de soutien - SÉ flottante	1.00	1	t	2	SO
SOUMT1	13a	Mesures de soutien - SÉ 1er cycle	1.00	5	t	2	SO
SOUMT2	13a	Mesures de soutien - SÉ 2e cycle	1.00	5	t	2	SO
COORSC	13b	Coordination - PSC	1.00	2	t	2	SLPP
FABL4B	13b	Soutien Laboratoire créatif - FABLAB	4.00	1	t	2	SLFA
FABL8B	13b	Soutien Laboratoire créatif - FABLAB	8.00	1	t	2	SLFA
RESSAU	13b	Ressources autres - Sec. 1 à 5	1.00	5	t	2	SLRE
SOUSC1	13b	Mesures de soutien - SÉ 1er cycle	1.00	2	t	2	SO
SOUSC2	13b	Mesures de soutien - SÉ 2e cycle	1.00	2	t	2	SO
COORSE	14	Coordination - SÉ	12.00	1	t	2	COSE
RESSAH	17	Ressources autres - Sec.1 à 5	1.00	2	t	2	SLRE
RESSAD	19b	Ressources autres - Sec.1 à 5	1.00	1	t	2	SLRE
SOU001	17	Mesures de soutien - SÉ	1.00	2	t	2	SO
ANS333	08	Anglais 3 eesl (si l'org. scol. le permet)	3.00	2	f	2	SE
COORSC	13b	Coordination - PP Sciences	1.00	2	t	1	\N
FABL4B	13b	Soutien Laboratoire créatif - FABLAB	4.00	1	t	1	\N
FABL8B	13b	Soutien Laboratoire créatif - FABLAB	8.00	1	t	1	\N
MENTOR	13b	Mentorat	4.00	1	t	1	\N
REAUS1	13b	Ressource sciences	1.00	2	t	1	\N
REAUS2	13b	Ressources autres Sec. 1 à	1.00	3	t	1	\N
SOUSC1	13b	Mesures de soutien - SÉ 1er cycle	1.00	2	t	1	\N
SOUSC2	13b	Mesures de soutien - SÉ 2e cycle	1.00	2	t	1	\N
RESSAU	19b	Ressources autres Sec. 1 à	1.00	1	t	1	\N
CHS503	13b	Chimie - SÉ	3.00	2	f	1	R
PHS503	13b	Physique - SÉ	3.00	2	f	1	R
PHY504	13b	Physique	4.00	1	f	1	R
A2FRA9	01	Français	9.00	1	f	1	R
A2GE02	01	Géographie	2.00	1	f	1	R
A2HIS2	01	Histoire et édu. citoyenneté	2.00	1	f	1	R
A2MAT9	01	Mathématique	9.00	1	f	1	R
A2MUS2	01	Musique	2.00	1	f	1	R
RESAU2	08	Ressources autres Sec. 2e cycle	1.00	3	t	1	\N
RESS	08	Ressource anglais	1.00	10	t	1	\N
SOUAN1	08	Mesures de soutien - SÉ 1er cycle	1.00	3	t	1	\N
SOUAN2	08	Mesures de soutien - SÉ 2e cycle	1.00	3	t	1	\N
COORDA	09	Coordination - DLTA	1.00	1	t	1	\N
COORVA	09	Coordination Santé active	1.00	2	t	1	\N
COORPL	11	Coordination Arts plastiques	1.00	2	t	1	\N
RESART	11	Ressources autres en arts	1.00	1	t	1	\N
SOUMAJ	11	Mesures de soutien - SÉ Mise à jour en Arts	1.00	2	t	1	\N
COOREL	12	Coordination Sport électronique	1.00	2	t	1	\N
ENSAID	12	Enseignement Centre d'aide	2.00	2	t	1	\N
RES001	12	Ressource français - 1er cycle	1.00	21	t	1	\N
SOUFR1	12	Mesures de soutien - SÉ 1er cycle	1.00	4	t	1	\N
SOUFR2	12	Mesures de soutien - SÉ 2e cycle	1.00	7	t	1	\N
COORSE	14	Coordination - SÉ	12.00	1	t	1	\N
RESAU1	17	Ressources autres - 2e cycle	1.00	2	t	1	\N
SOU001	17	Mesures de soutien - SÉ	1.00	2	t	1	\N
COORAI	13a	Coordonnateur Centre d'aide	3.00	1	t	1	\N
ENSAIM	13a	Enseignement Centre d'aide	1.00	4	t	1	\N
MENTOR	13b	Mentorat	6.00	1	t	2	MT
ANS403	08	Anglais 4 rég. - SÉ	3.00	2	f	2	SE
REAUM1	13a	Ressource math - 1er cycle	1.00	20	t	1	\N
SOUMA1	13a	Mesures de soutien - SÉ 1er cycle	1.00	5	t	1	\N
SOUMA2	13a	Mesures de soutien - SÉ 2e cycle	1.00	5	t	1	\N
SOUMA3	13a	Mesures de soutien - SÉ flottante	1.00	1	t	1	\N
ANS433	08	Anglais 4 eesl (si l'org. scol. le permet)	3.00	2	f	2	SE
ANS503	08	Anglais 5 rég. - SÉ	3.00	2	f	2	SE
ANS533	08	Anglais 5 eesl (si l'org. scol. le permet)	3.00	2	f	2	SE
ANS5C1	08	Anglais I. sec. (prog. local) - SÉ	1.00	2	f	2	SE
EDS101	09	Éduc. physique et à la santé - SÉ	1.00	3	f	2	SE
CHI504	13b	Chimie	4.00	1	f	1	R
FRA506	12	Français 5	6.00	7	f	2	R
PSC104	13b	PROGRAMME SCIENCES	4.00	2	f	2	R
PSC204	13b	PROGRAMME SCIENCES	4.00	2	f	2	R
UTU401	17	Univers social - Groupes à 3 périodes	1.00	2	t	2	FM
ANG233	08	Anglais 2 eesl (si l'org. scol. le permet)	3.00	3	f	2	R
ANG334	08	Anglais 3 eesl (si l'org. scol. le permet)	4.00	2	f	2	R
ANG404	08	Anglais 4 rég.	4.00	5	f	2	R
ANG434	08	Anglais 4 eesl (si l'org. scol. le permet)	4.00	2	f	2	R
ANG504	08	Anglais 5 rég.	4.00	4	f	2	R
ANG534	08	Anglais 5 eesl (si l'org. scol. le permet)	4.00	3	f	2	R
A1DP36	01	Déficience intellectuelle profonde	2.00	36	f	1	R
A2EDS2	01	Édu. santé	2.00	1	f	1	R
A2EDU2	01	Édu. physique	2.00	1	f	1	R
EDS201	09	Éduc. physique et à la santé - SÉ	1.00	3	f	2	SE
EDS301	09	Éduc. physique et à la santé - SÉ	1.00	4	f	2	SE
EDS401	09	Éduc. physique et à la santé - SÉ	1.00	4	f	2	SE
EDS501	09	Éduc. physique et à la santé - SÉ	1.00	4	f	2	SE
CHS503	13b	Chimie - SÉ	3.00	2	f	2	SE
CQS102	14	Cult.cit.qc - SE	2.00	3	f	2	SE
CQS202	14	Cult.cit.qc - SE	2.00	3	f	2	SE
CQS402	14	Cult.cit.qc - SE	2.00	4	f	2	SE
CQS501	14	Cult.cit.qc - SE	1.00	4	f	2	SE
FIS502	17	Éducation financière - SÉ	2.00	4	f	2	SE
DRS102	19b	Art dramatique - SÉ	2.00	3	f	2	SE
DRS202	19b	Art dramatique - SÉ	2.00	3	f	2	SE
DRS302	19b	Art dramatique (Arts) - SÉ	2.00	4	f	2	SE
CCQ102	14	Cult.cit.qc	2.00	10	f	2	R
CCQ202	14	Cult.cit.qc	2.00	10	f	2	R
CCQ402	14	Cult.cit.qc	2.00	7	f	2	R
MAS4C6	13a	Math. 4 - Culture, société & technique -	6.00	2	f	1	R
MAS4T6	13a	Math. 4 - Technico-sciences -	6.00	3	f	1	R
MAS5C5	13a	Math. 5 - Culture, société & technique -	5.00	2	f	1	R
MAS5T5	13a	Math. 5 - Technico-sciences -	5.00	2	f	1	R
MAT105	13a	Mathématique	5.00	10	f	1	R
MAT206	13a	Mathématique	6.00	10	f	1	R
MAT306	13a	Mathématique	6.00	8	f	1	R
MAT5T6	13a	Math. 5 - Technico-sciences	6.00	3	f	1	R
CHI5T4	13b	Chimie (progr.sc.)	4.00	2	f	1	R
A63AU1	01	Autonomie et participation sociale (APS)	1.80	2	f	1	R
A63FR2	01	Français	3.60	2	f	1	R
A63PR1	01	Préparation au marché du travail (PMT)	1.80	2	f	1	R
A7CUI2	01	Cuisine	2.00	2	f	1	R
PLS401	11	Arts plastiques (Arts) - SÉ	1.00	4	f	2	SE
FRS405	12	Français 4 - SÉ	5.00	4	f	2	SE
SCS104	13b	Science et technologie - SÉ	4.00	3	f	2	SE
USS104	17	Univers social (2 géo. & 2 his.) - SÉ	4.00	3	f	2	SE
CC11P12	01	CC12 - Partageante - 12 périodes	12.00	1	f	2	A
CC11P24	01	CC11 - Tutrice - 24 périodes	24.00	1	f	2	A
CC12P10	01	CC12 - Partageante - 10 périodes	10.00	1	f	2	A
CC12P26	01	CC12 - Tutrice - 26 périodes	26.00	1	f	2	A
CC2P10	01	CC2 - Partageante - 10 périodes	10.00	1	f	2	A
CCQ502	14	Cult.cit.qc	2.00	7	f	2	R
CHI504	13b	Chimie 5	4.00	1	f	2	R
CHI5T4	13b	Chimie (progr.sc.)	4.00	2	f	2	R
DRA103	19b	Art dramatique	3.00	2	f	2	R
DRA203	19b	Art dramatique	3.00	4	f	2	R
DRA302	19b	Art dramatique (Arts)	2.00	3	f	2	R
DRA402	19b	Art dramatique (Arts)	2.00	2	f	2	R
DRA502	19b	Art dramatique (Arts)	2.00	2	f	2	R
DRO402	19b	Art dramatique (Arts)	2.00	1	f	2	R
EDO402	09	Éduc. physique et à la santé	2.00	1	f	2	R
EDU102	09	Éduc. physique et à la santé	2.00	5	f	2	R
EDU1P2	09	Éduc. physique et à la santé - Prog. DLTA	2.00	2	f	2	R
EDU1V2	09	Éduc. physique et à la santé - Prog. santé active	2.00	3	f	2	R
EDU202	09	Éduc. physique et à la santé	2.00	4	f	2	R
EDU2P2	09	Éduc. physique et à la santé - Prog. DLTA	2.00	2	f	2	R
EDU2V2	09	Éduc. physique et à la santé - Prog. santé active	2.00	4	f	2	R
EDU302	09	Éduc. physique et à la santé	2.00	4	f	2	R
EDU3P2	09	Éduc. physique et à la santé - Prog. DLTA	2.00	1	f	2	R
EDU3V2	09	Éduc. physique et à la santé - Prog. santé active	2.00	3	f	2	R
EDU402	09	Éduc. physique et à la santé	2.00	7	f	2	R
EDU502	09	Éduc. physique et à la santé	2.00	7	f	2	R
EDU504	09	Éduc. physique à la santé	4.00	2	f	2	R
FIN502	17	Éducation financière	2.00	7	f	2	R
FRA107	12	Français 1	7.00	10	f	2	R
FRA208	12	Français 2	8.00	10	f	2	R
FRA308	12	Français 3	8.00	8	f	2	R
FRA406	12	Français 4	6.00	7	f	2	R
MAT4C6	13a	Math. 4 - Culture, société & technique	6.00	5	f	1	R
MAT4T6	13a	Math. 4 - Technico-sciences	6.00	4	f	1	R
MAT5C4	13a	Math. 5 - Culture, société & technique (4per.)	4.00	3	f	1	R
GEO594	17	Géographie culturelle	4.00	1	f	2	R
HIS304	17	Histoire du Québec et du Canada	4.00	8	f	2	R
HIS404	17	Histoire du Québec et du Canada	4.00	9	f	2	R
IMC504	17	Initiation au monde de la consommation	4.00	1	f	2	R
MAT105	13a	Mathématique 1	5.00	10	f	2	R
MAT206	13a	Mathématique 2	6.00	10	f	2	R
MAT306	13a	Mathématique 3	6.00	8	f	2	R
MAT4C6	13a	Math. 4 - Culture, société & technique	6.00	4	f	2	R
MAT4T6	13a	Math. 4 - Technico-sciences	6.00	3	f	2	R
MAT5C4	13a	Math. 5 - Culture, société & technique (4per.)	4.00	3	f	2	R
MAT5T6	13a	Math. 5 - Technico-sciences	6.00	4	f	2	R
MDC502	17	Monde contemporain	2.00	6	f	2	R
MDC504	17	Monde contemporain	4.00	3	f	2	R
MUS103	10	Musique	3.00	1	f	2	R
MUS203	10	Musique	3.00	1	f	2	R
MUS302	10	Musique (Arts & option)	2.00	1	f	2	R
MUS402	10	Musique (Arts & option)	2.00	1	f	2	R
MUS502	10	Musique (Arts & option)	2.00	1	f	2	R
PAP104	11	PROGRAMME ARTS PLASTIQUES	4.00	2	f	2	R
PAP204	11	PROGRAMME ARTS PLASTIQUES	4.00	1	f	2	R
PAP304	11	PROGRAMME ARTS PLASTIQUES	4.00	1	f	2	R
PAP402	11	Arts plastiques (Arts)	2.00	1	f	2	R
PAP404	11	PROGRAMME ARTS PLASTIQUES	4.00	1	f	2	R
MAT2R6	13a	Mathématique 2 reprise - REPRISE	6.00	0	f	2	R
PHY5T4	13b	Physique (progr.sc.)	4.00	2	f	1	R
PSC104	13b	PROGRAMME SCIENCES	4.00	3	f	1	R
PSC204	13b	PROGRAMME SCIENCES	4.00	2	f	1	R
PSC304	13b	PROGRAMME SCIENCES	4.00	2	f	1	R
PSC404	13b	PROGRAMME SCIENCES	4.00	2	f	1	R
PSC502	13b	PROGRAMME SCIENCES	2.00	2	f	1	R
SCS104	13b	Science et technologie - SÉ	4.00	3	f	1	R
SCS203	13b	Science et technologie - SÉ	3.00	3	f	1	R
SCS305	13b	Science et technologie - SÉ	5.00	4	f	1	R
SCS444	13b	Science et technologie - SÉ	4.00	1	f	1	R
SCS446	13b	Science et techno. env. - SÉ	6.00	3	f	1	R
SCT104	13b	Science et technologie	4.00	10	f	1	R
SCT203	13b	Science et technologie	3.00	9	f	1	R
SCT306	13b	Science et technologie	6.00	7	f	1	R
SCT444	13b	Science et technologie	4.00	6	f	1	R
SCT446	13b	Science et techno. env. (progr.sc.)	6.00	2	f	1	R
SCT4T6	13b	Science et techno. env. (progr.sc.)	6.00	2	f	1	R
DRA103	19b	Art dramatique	3.00	2	f	1	R
DRA203	19b	Art dramatique	3.00	3	f	1	R
DRA302	19b	Art dramatique (Arts)	2.00	2	f	1	R
DRA402	19b	Art dramatique (Arts)	2.00	2	f	1	R
DRA502	19b	Art dramatique (Arts)	2.00	2	f	1	R
DRS102	19b	Art dramatique - SÉ	2.00	3	f	1	R
DRS202	19b	Art dramatique - SÉ	2.00	3	f	1	R
DRS302	19b	Art dramatique (Arts) - SÉ	2.00	4	f	1	R
PAP502	11	PROGRAMME ARTS PLASTIQUES	2.00	1	f	2	R
PDL104	09	PROGRAMME D.L.T.A.	4.00	2	f	2	R
PDL204	09	PROGRAMME D.L.T.A.	4.00	2	f	2	R
PDL304	09	PROGRAMME D.L.T.A.	4.00	1	f	2	R
PHY504	13b	Physique 5	4.00	1	f	2	R
PHY5T4	13b	Physique (progr.sc.)	4.00	2	f	2	R
PLA103	11	Arts plastiques	3.00	5	f	2	R
PLA1P3	11	Arts plastiques	3.00	2	f	2	R
PLA203	11	Arts plastiques	3.00	4	f	2	R
PLA2P3	11	Arts plastiques	3.00	1	f	2	R
PLA302	11	Arts plastiques (Arts)	2.00	4	f	2	R
PLA3P2	11	Arts plastiques (Arts)	2.00	1	f	2	R
PLA402	11	Arts plastiques (Arts)	2.00	3	f	2	R
PLA4P2	11	Arts plastiques (Option Arts)	2.00	1	f	2	R
PLA502	11	Arts plastiques (Arts)	2.00	4	f	2	R
PLA5P2	11	Arts plastiques (Arts)	2.00	1	f	2	R
PLA5P4	11	Arts plastiques	4.00	1	f	2	R
PLO402	11	Arts plastiques (Arts)	2.00	1	f	2	R
PSA104	09	PROGRAMME SANTÉ ACTIVE	4.00	3	f	2	R
PSA204	09	PROGRAMME SANTÉ ACTIVE	4.00	4	f	2	R
PSA304	09	PROGRAMME SANTÉ ACTIVE	4.00	3	f	2	R
PSA404	09	PROGRAMME SANTÉ ACTIVE	4.00	3	f	2	R
PSA502	09	PROGRAMME SANTÉ ACTIVE	2.00	3	f	2	R
PLS501	11	Arts plastiques (Arts) - SÉ	1.00	4	f	2	SE
FRS106	12	Français 1 - SÉ	6.00	3	f	2	SE
FRS206	12	Français 2 - SÉ	6.00	3	f	2	SE
FRS306	12	Français 3 - SÉ	6.00	4	f	2	SE
FRS506	12	Français 5 - SÉ	6.00	4	f	2	SE
MAS125	13a	Mathématique 1 - SÉ	5.00	3	f	2	SE
MAS226	13a	Mathématique 2 - SÉ	6.00	3	f	2	SE
MAS306	13a	Mathématique 3 - SÉ	6.00	4	f	2	SE
MAS4C6	13a	Math. 4 - Culture, société & technique -	6.00	2	f	2	SE
MAS4T6	13a	Math. 4 - Technico-sciences -	6.00	3	f	2	SE
MAS5C4	13a	Math. 5 - Culture, société & technique -	4.00	2	f	2	SE
MAS5T5	13a	Math. 5 - Technico-sciences -	5.00	2	f	2	SE
PHS503	13b	Physique - SÉ	3.00	2	f	2	SE
GES593	17	Géographie culturelle - SÉ	3.00	2	f	2	SE
HSS304	17	Histoire du Québec et du Canada - SÉ	4.00	4	f	2	SE
HSS403	17	Histoire du Québec et du Canada - AM	3.00	4	f	2	SE
IMS553	17	Initiation au monde de la consommation - SÉ	3.00	2	f	2	SE
MDS502	17	Monde contemporain - SÉ	2.00	4	f	2	SE
ORTHO	01	Orthopédagogue 28 périodes	28.80	1	f	2	A
PSC304	13b	PROGRAMME SCIENCES	4.00	2	f	2	R
PSC404	13b	PROGRAMME SCIENCES	4.00	2	f	2	R
PSC502	13b	PROGRAMME SCIENCES	2.00	2	f	2	R
SCT104	13b	Science et technologie	4.00	8	f	2	R
SCT1P4	13b	Science et technologie - Programme sciences	4.00	2	f	2	R
SCT203	13b	Science et technologie	3.00	8	f	2	R
SCT2P3	13b	Science et technologie - Programme sciences	3.00	2	f	2	R
SCT306	13b	Science et technologie	6.00	6	f	2	R
SCT3P6	13b	Science et technologie - Programme sciences	6.00	2	f	2	R
SCT444	13b	Science et technologie	4.00	4	f	2	R
SCT446	13b	Science et techno. env.	6.00	2	f	2	R
SCT4T6	13b	Science et techno. env. (progr.sc.)	6.00	2	f	2	R
UNS105	17	Univers social (2 géo. & 3 his.)	5.00	10	f	2	R
UNS205	17	Univers social (3 géo. & 3 his.)	5.00	10	f	2	R
PSE104	12	PROGRAMME SPORT ÉLECTRONIQUE	4.00	1	f	2	R
PSE204	13a	PROGRAMME SPORT ÉLECTRONIQUE	4.00	1	f	2	R
PSE404	17	PROGRAMME SPORT ÉLECTRONIQUE	4.00	1	f	2	R
PSE502	13a	PROGRAMME SPORT ÉLECTRONIQUE	2.00	1	f	2	R
PSE504	13a	PROGRAMME SPORT ÉLECTRONIQUE	4.00	1	f	2	R
PSE304	13a	PROGRAMME SPORT ÉLECTRONIQUE	4.00	1	f	2	R
A2PLA2	01	Arts plastiques	2.00	1	f	1	R
A2SCT6	01	Science et technologie	6.00	1	f	1	R
A3CRO2	01	Croissance personnelle	2.00	1	f	1	R
A3FRA3	01	Français	3.00	1	f	1	R
A3LOI4	01	Loisirs	4.00	1	f	1	R
A3MAT3	01	Mathématique	3.00	1	f	1	R
A3SCH2	01	Sciences humaines	2.00	1	f	1	R
A3ST20	01	Stage en milieu de travail	20.00	1	f	1	R
A3VIE2	01	Vie domestique	2.00	1	f	1	R
A5ANG4	01	Anglais	4.00	4	f	1	R
A5CUI4	01	Cuisine - Projets	4.00	4	f	1	R
A5ECR2	01	Éthique et culture religieuse	2.00	4	f	1	R
A5EDU4	01	Édu. physique et à la santé	4.00	4	f	1	R
A5FRA7	01	Français	7.00	4	f	1	R
A5GE02	01	Géographie	2.00	4	f	1	R
A5HIS2	01	Histoire et édu. citoyenneté	2.00	4	f	1	R
A5MAT7	01	Mathématique	7.00	4	f	1	R
A5PLA2	01	Arts plastiques	2.00	4	f	1	R
A5SCT2	01	Science & technologie	2.00	4	f	1	R
A61AN2	01	Anglais	2.00	3	f	1	R
A61AU4	01	Autonomie et participation sociale (APS)	4.00	3	f	1	R
A61ED2	01	Éducation physique et à la santé	2.00	3	f	1	R
A61FR6	01	Français	6.00	3	f	1	R
A61MA6	01	Mathématique	6.00	3	f	1	R
A61PR4	01	Préparation au marché du travail (PMT)	4.00	3	f	1	R
A61S06	01	Sensibilisation au monde du travail	6.00	3	f	1	R
A61SC2	01	Exp technologiques et scientifiques (EST)	2.00	3	f	1	R
A61TN2	01	Temps non réparti	2.00	3	f	1	R
A61UN2	01	Univers social	2.00	3	f	1	R
A62AN2	01	Anglais	2.00	3	f	1	R
A62AU4	01	Autonomie et participation sociale (APS)	4.00	3	f	1	R
A62ED2	01	Éducation physique et à la santé	2.00	3	f	1	R
A62FR4	01	Français	4.00	3	f	1	R
A62I12	01	IP / Insertion professionnelle	12.00	3	f	1	R
A62MA4	01	Mathématique	4.00	3	f	1	R
A62PR4	01	Préparation au marché du travail (PMT)	4.00	3	f	1	R
A62TN2	01	Temps non réparti	2.00	3	f	1	R
A62UN2	01	Univers social Géo-Hist.	2.00	3	f	1	R
A7ANG2	01	Anglais	2.00	2	f	1	R
A7ECR2	01	Éthique et culture religieuse	2.00	2	f	1	R
A7EDU2	01	Édu. physique et à la santé	2.00	2	f	1	R
A7FRA8	01	Français	8.00	2	f	1	R
A7GE02	01	Géographie	2.00	2	f	1	R
A7HAB2	01	Habiletés sociales	2.00	2	f	1	R
A7HIS2	01	Histoire et édu. citoyenneté	2.00	2	f	1	R
A7MAT8	01	Mathématique	8.00	2	f	1	R
A7PLA2	01	Arts plastiques	2.00	2	f	1	R
A7SCT2	01	Science & technologie	2.00	2	f	1	R
ANG104	08	Anglais 1 rég.	4.00	9	f	1	R
ANG134	08	Anglais 1 eesl (si l'org. scol. le permet)	4.00	1	f	1	R
ANG203	08	Anglais	3.00	8	f	1	R
ANG233	08	Anglais 2 eesl (si l'org. scol. le permet)	3.00	1	f	1	R
ANG304	08	Anglais 3 rég.	4.00	6	f	1	R
ANG334	08	Anglais 3 eesl (si l'org. scol. le permet)	4.00	2	f	1	R
ANG404	08	Anglais 4 rég.	4.00	7	f	1	R
ANG434	08	Anglais 4 eesl (si l'org. scol. le permet)	4.00	2	f	1	R
ANG504	08	Anglais 5 rég.	4.00	4	f	1	R
ANG534	08	Anglais 5 eesl (si l'org. scol. le permet)	4.00	2	f	1	R
ANS103	08	Anglais 1 rég. - SÉ	3.00	3	f	1	R
ANS203	08	Anglais 2 rég. - SÉ	3.00	3	f	1	R
ANS303	08	Anglais 3 rég. - SÉ	3.00	3	f	1	R
ANS333	08	Anglais 3 eesl (si l'org. scol. le permet)	3.00	1	f	1	R
ANS403	08	Anglais 4 rég. - SÉ	3.00	4	f	1	R
ANS503	08	Anglais 5 rég. - SÉ	3.00	3	f	1	R
ANS533	08	Anglais 5 eesl (si l'org. scol. le permet)	3.00	1	f	1	R
SCS203	13b	Science et technologie - SÉ	3.00	3	f	2	SE
SCS305	13b	Science et technologie - SÉ	5.00	4	f	2	SE
SCS446	13b	Science et technologie - SÉ	6.00	4	f	2	SE
USS204	17	Univers social (2 géo. & 2 his.) - SÉ	4.00	3	f	2	SE
EDO402	09	Éduc. physique et à la santé	2.00	4	f	1	R
EDS101	09	Éduc. physique et à la santé - SÉ	1.00	3	f	1	R
EDS201	09	Éduc. physique et à la santé - SÉ	1.00	3	f	1	R
EDS301	09	Éduc. physique et à la santé - SÉ	1.00	4	f	1	R
EDS401	09	Éduc. physique et à la santé - SÉ	1.00	4	f	1	R
EDS501	09	Éduc. physique et à la santé - SÉ	1.00	4	f	1	R
EDU102	09	Éduc. physique et à la santé	2.00	10	f	1	R
EDU202	09	Éduc. physique et à la santé	2.00	9	f	1	R
EDU302	09	Éduc. physique et à la santé	2.00	7	f	1	R
EDU402	09	Éduc. physique et à la santé	2.00	9	f	1	R
EDU502	09	Éduc. physique et à la santé	2.00	7	f	1	R
EDU504	09	Éduc. physique à la santé	4.00	3	f	1	R
EDU544	09	Éduc. phys. opt.	4.00	2	f	1	R
PDL104	09	PROGRAMME D.L.T.A.	4.00	2	f	1	R
PDL204	09	PROGRAMME D.L.T.A.	4.00	2	f	1	R
A63I12	01	IP / Insertion professionnelle	21.60	2	f	1	R
PSA104	09	PROGRAMME SANTÉ ACTIVE	4.00	3	f	1	R
A63MA2	01	Mathématique	3.60	2	f	1	R
A63TN1	01	Temps non réparti	1.80	2	f	1	R
A63UN1	01	Univers social	1.80	2	f	1	R
ORTHO	01	Orthopédagogue 28 périodes	28.80	1	f	1	R
A7CUI4	01	Cuisine	4.00	1	f	1	R
PSA204	09	PROGRAMME SANTÉ ACTIVE	4.00	3	f	1	R
PSA304	09	PROGRAMME SANTÉ ACTIVE	4.00	3	f	1	R
PSA404	09	PROGRAMME SANTÉ ACTIVE	4.00	4	f	1	R
PSA502	09	PROGRAMME SANTÉ ACTIVE	2.00	3	f	1	R
MUS103	10	Musique	3.00	2	f	1	R
MUS203	10	Musique	3.00	1	f	1	R
MUS302	10	Musique (Arts & option)	2.00	1	f	1	R
MUS402	10	Musique (Arts & option)	2.00	1	f	1	R
MUS502	10	Musique (Arts & option)	2.00	1	f	1	R
PAP104	11	PROGRAMME ARTS PLASTIQUES	4.00	1	f	1	R
PAP204	11	PROGRAMME ARTS PLASTIQUES	4.00	2	f	1	R
PAP304	11	PROGRAMME ARTS PLASTIQUES	4.00	1	f	1	R
PAP404	11	PROGRAMME ARTS PLASTIQUES	4.00	2	f	1	R
PAP502	11	PROGRAMME ARTS PLASTIQUES	2.00	1	f	1	R
PLA103	11	Arts plastiques	3.00	5	f	1	R
PLA1P3	11	Arts plastiques	3.00	1	f	1	R
PLA203	11	Arts plastiques	3.00	4	f	1	R
PLA2P3	11	Arts plastiques	3.00	2	f	1	R
PLA302	11	Arts plastiques (Arts)	2.00	3	f	1	R
PLA3P2	11	Arts plastiques (Arts)	2.00	1	f	1	R
PLA402	11	Arts plastiques (Arts)	2.00	6	f	1	R
PLA4P2	11	Arts plastiques (Option Arts)	2.00	2	f	1	R
PLA502	11	Arts plastiques (Arts)	2.00	3	f	1	R
PLA5P2	11	Arts plastiques (Arts)	2.00	1	f	1	R
PLA5P4	11	Arts plastiques	4.00	1	f	1	R
PLS401	11	Arts plastiques (Arts) - SÉ	1.00	4	f	1	R
PLS501	11	Arts plastiques (Arts) - SÉ	1.00	4	f	1	R
FRA107	12	Français	7.00	10	f	1	R
FRA208	12	Français	8.00	9	f	1	R
FRA308	12	Français	8.00	8	f	1	R
FRA406	12	Français	6.00	8	f	1	R
FRA506	12	Français	6.00	7	f	1	R
FRS106	12	Français 1 - SÉ	6.00	3	f	1	R
FRS206	12	Français 2 - SÉ	6.00	3	f	1	R
FRS306	12	Français 3 - SÉ	6.00	4	f	1	R
FRS405	12	Français 4 - SÉ	5.00	3	f	1	R
FRS406	12	Français 4 - SÉ	6.00	1	f	1	R
FRS506	12	Français 5 - SÉ	6.00	4	f	1	R
CCQ102	14	Cult.cit.qc	2.00	10	f	1	R
CCQ202	14	Cult.cit.qc	2.00	9	f	1	R
CCQ402	14	Cult.cit.qc	2.00	9	f	1	R
CCQ502	14	Cult.cit.qc	2.00	7	f	1	R
CQS102	14	Cult.cit.qc - SE	2.00	3	f	1	R
CQS202	14	Cult.cit.qc - SE	2.00	3	f	1	R
CQS402	14	Cult.cit.qc - SE	2.00	4	f	1	R
CQS501	14	Cult.cit.qc - SE	1.00	4	f	1	R
FIN502	17	Éducation financière	2.00	7	f	1	R
FIS502	17	Éducation financière - SÉ	2.00	4	f	1	R
GES593	17	Géographie culturelle - SÉ	3.00	2	f	1	R
HIS304	17	Histoire du Québec et du Canada	4.00	7	f	1	R
HIS404	17	Histoire du Québec et du Canada	4.00	10	f	1	R
HSS304	17	Histoire du Québec et du Canada - SÉ	4.00	4	f	1	R
HSS403	17	Histoire du Québec et du Canada - AM	3.00	3	f	1	R
HSS404	17	Histoire du Québec et du Canada - AM	4.00	1	f	1	R
IMC504	17	Initiation au monde de la consommation	4.00	1	f	1	R
IMS553	17	Initiation au monde de la consommation - SÉ	3.00	2	f	1	R
MDC502	17	Monde contemporain	2.00	4	f	1	R
MDC504	17	Monde contemporain	4.00	3	f	1	R
MDS502	17	Monde contemporain - SÉ	2.00	4	f	1	R
UNS105	17	Univers social (2 géo. & 3 his.)	5.00	10	f	1	R
UNS205	17	Univers social (3 géo. & 3 his.)	5.00	9	f	1	R
USS104	17	Univers social (2 géo. & 2 his.) - SÉ	4.00	3	f	1	R
USS204	17	Univers social (2 géo. & 2 his.) - SÉ	4.00	3	f	1	R
PSE104	19	PROGRAMME SPORT ÉLECTRONIQUE	4.00	1	f	1	R
PSE204	19	PROGRAMME SPORT ÉLECTRONIQUE	4.00	1	f	1	R
PSE304	19	PROGRAMME SPORT ÉLECTRONIQUE	4.00	1	f	1	R
PSE404	19	PROGRAMME SPORT ÉLECTRONIQUE	4.00	1	f	1	R
PSE502	19	PROGRAMME SPORT ÉLECTRONIQUE	2.00	1	f	1	R
PSE504	19	PROGRAMME SPORT ÉLECTRONIQUE	4.00	1	f	1	R
MAS125	13a	Mathématique 1 - SÉ	5.00	3	f	1	R
MAS226	13a	Mathématique 2 - SÉ	6.00	3	f	1	R
MAS306	13a	Mathématique 3 - SÉ	6.00	4	f	1	R
CC3P24	01	CC3 - Tutrice - 24 périodes	24.00	1	f	2	A
CC2P26	01	CC2 - Tutrice - 26 périodes	26.00	1	f	2	A
CC3P12	01	CC3 - Partageante - 12 périodes	12.00	1	f	2	A
CC4P12	01	CC4 - Partageante - 12 périodes	12.00	1	f	2	A
CC4P24	01	CC4 - Tutrice - 24 périodes	24.00	1	f	2	A
CC51P12	01	CC51 - Partageante - 12 périodes	12.00	1	f	2	A
CC51P24	01	CC51 - Tutrice - 24 périodes	24.00	1	f	2	A
CC52P10	01	CC52 - Accompagnante - 10 périodes	10.00	1	f	2	A
CC52P26	01	CC52 - Tutrice - 26 périodes	26.00	1	f	2	A
CC71P12	01	CC71 - Partageante - 12 périodes	12.00	1	f	2	A
CC71P24	01	CC71 - Tutrice - 24 périodes	24.00	1	f	2	A
CC72P12	01	CC72 - Partageante - 12 périodes	12.00	1	f	2	A
CC72P24	01	CC72 - Tutrice - 24 périodes	24.00	1	f	2	A
FPT12P12	01	FPT1-2 - Partageante - 12 périodes	12.00	1	f	2	A
FPT12P24	01	FPT1-2 - Tutrice - 24 périodes	24.00	1	f	2	A
FPT3P12	01	FPT3 - Partageante - 12 périodes	12.00	1	f	2	A
FPT3P24	01	FPT3 - Tutrice - 24 périodes	24.00	1	f	2	A
\.


--
-- Data for Name: enseignants; Type: TABLE DATA; Schema: public; Owner: neondb_owner
--

COPY public.enseignants (enseignantid, nomcomplet, nom, prenom, champno, esttempsplein, estfictif, peutchoisirhorschampprincipal, annee_id) FROM stdin;
782	11-Tâche restante-1	\N	\N	11	t	t	f	1
692	Anny Chagnon	Chagnon	Anny	01	t	f	f	2
791	01-Tâche restante-1	\N	\N	01	t	t	f	2
748	Audrey Leblanc	Leblanc	Audrey	13a	t	f	f	2
800	11-Tâche restante-1	\N	\N	11	t	t	f	2
803	08-Tâche restante-3	\N	\N	08	t	t	f	2
712	Joel Chapdelaine	Chapdelaine	Joel	09	f	f	f	2
806	12-Tâche restante-1	\N	\N	12	t	t	f	2
809	13b-Tâche restante-2	\N	\N	13b	t	t	f	2
689	Catherine Beaulac	Beaulac	Catherine	01	t	f	f	2
690	Martine Boivin	Boivin	Martine	01	t	f	f	2
691	Marjolaine Cartier	Cartier	Marjolaine	01	t	f	f	2
693	Sylvie Croteau	Croteau	Sylvie	01	t	f	f	2
694	Isabelle Gauthier	Gauthier	Isabelle	01	t	f	f	2
695	Stéphanie Houle	Houle	Stéphanie	01	t	f	f	2
696	Catherine Mc Gee	Mc Gee	Catherine	01	t	f	f	2
697	Marie-Andrée Nolette	Nolette	Marie-Andrée	01	t	f	f	2
698	Diane Noël	Noël	Diane	01	f	f	f	2
699	Jessica Rochon	Rochon	Jessica	01	t	f	f	2
700	Valérie Martel	Martel	Valérie	01	t	f	f	2
701	Vanessa Martel	Martel	Vanessa	01	t	f	f	2
702	Paule Thériault	Thériault	Paule	01	t	f	f	2
703	Martine Turcotte	Turcotte	Martine	01	t	f	f	2
704	Shamelli Andrewn	Andrewn	Shamelli	08	t	f	f	2
705	Pierre-Étienne Cinq-Mars	Cinq-Mars	Pierre-Étienne	08	t	f	f	2
706	Ann-Marie Côté	Côté	Ann-Marie	08	t	f	f	2
707	Sarah Fallu	Fallu	Sarah	08	t	f	f	2
708	Mélanie Roy	Roy	Mélanie	08	t	f	f	2
709	Luc Salvas	Salvas	Luc	08	t	f	f	2
710	Fedela Volpicella	Volpicella	Fedela	08	t	f	f	2
711	David Bahl	Bahl	David	09	t	f	f	2
713	Olivier David	David	Olivier	09	t	f	f	2
714	Alexandre Lauzon-Vallière	Lauzon-Vallière	Alexandre	09	t	f	f	2
715	Jonathan Lavoie	Lavoie	Jonathan	09	t	f	f	2
716	Christian Leclair	Leclair	Christian	09	t	f	f	2
717	Roxanne Pépin	Pépin	Roxanne	09	t	f	f	2
718	Yanick Savoie	Savoie	Yanick	09	t	f	f	2
719	Joanie Drolet	Drolet	Joanie	11	t	f	f	2
720	Cindy Jutras	Jutras	Cindy	11	f	f	f	2
721	Isabelle Roy	Roy	Isabelle	11	f	f	f	2
722	Marjolaine Arpin	Arpin	Marjolaine	12	t	f	f	2
723	Caroline Boisvert	Boisvert	Caroline	12	t	f	f	2
724	NaÏma Bouachrime	Bouachrime	NaÏma	12	t	f	f	2
725	Mathieu Comeau	Comeau	Mathieu	12	t	f	f	2
726	Geneviève Côté	Côté	Geneviève	12	t	f	f	2
727	Mireille Diwan	Diwan	Mireille	12	t	f	f	2
728	David Dubois	Dubois	David	12	t	f	f	2
729	Nathalie Héroux	Héroux	Nathalie	12	t	f	f	2
730	Marie-Michèle Joyal	Joyal	Marie-Michèle	12	t	f	f	2
731	Annie Lacharité	Lacharité	Annie	12	t	f	f	2
732	Isabelle Laflamme	Laflamme	Isabelle	12	t	f	f	2
733	Maude Pellerin	Pellerin	Maude	12	t	f	f	2
734	Alexane Perreault	Perreault	Alexane	12	t	f	f	2
735	Anne-Marie Proulx	Proulx	Anne-Marie	12	t	f	f	2
736	Guylaine Roy	Roy	Guylaine	12	t	f	f	2
737	Mélissa Turcotte	Turcotte	Mélissa	12	t	f	f	2
738	Joanie Bélanger	Bélanger	Joanie	13a	f	f	f	2
739	Karelle Bergeron Gauthier	Bergeron Gauthier	Karelle	13a	f	f	f	2
740	Karine Boivin	Boivin	Karine	13a	t	f	f	2
741	Marie-Andrée Charette	Charette	Marie-Andrée	13a	t	f	f	2
742	Marie-Ève Fontaine	Fontaine	Marie-Ève	13a	t	f	f	2
743	Sophie Gagné	Gagné	Sophie	13a	f	f	f	2
744	Charlie Godin	Godin	Charlie	13a	t	f	f	2
745	Marie-Ève Guillemette	Guillemette	Marie-Ève	13a	t	f	f	2
746	Marie-Andrée Lachapelle	Lachapelle	Marie-Andrée	13a	f	f	f	2
747	Chantal Laliberté	Laliberté	Chantal	13a	f	f	f	2
749	Thomas Leblanc	Leblanc	Thomas	13a	t	f	f	2
750	Stéphanie Mailhot	Mailhot	Stéphanie	13a	t	f	f	2
751	Hélène Martineau	Martineau	Hélène	13a	t	f	f	2
752	Martin Nadeau	Nadeau	Martin	13a	t	f	f	2
753	Sophie Turcotte	Turcotte	Sophie	13a	t	f	f	2
754	Denis Voyer	Voyer	Denis	13a	t	f	f	2
755	Luce Chapdelaine	Chapdelaine	Luce	13b	t	f	f	2
756	Sylvie Faucher	Faucher	Sylvie	13b	t	f	f	2
757	Patrick Giroux	Giroux	Patrick	13b	t	f	f	2
758	Marylène Lefebvre	Lefebvre	Marylène	13b	t	f	f	2
759	Didier Marion-Vanasse	Marion-Vanasse	Didier	13b	t	f	f	2
760	Mélanie Morin	Morin	Mélanie	13b	t	f	f	2
761	Stéphanie Pépin	Pépin	Stéphanie	13b	t	f	f	2
762	Myriam Taillon-Gardner	Taillon-Gardner	Myriam	13b	f	f	f	2
763	Pascal Tarakdjan	Tarakdjan	Pascal	13b	t	f	f	2
764	Antoine Beaulieu-Michel	Beaulieu-Michel	Antoine	14	t	f	f	2
765	Nancy Dupuis	Dupuis	Nancy	14	t	f	f	2
766	Francine Langlois	Langlois	Francine	14	f	f	f	2
767	Nicolas Spina	Spina	Nicolas	14	f	f	f	2
768	Marie-Andrée Beaudoin	Beaudoin	Marie-Andrée	17	t	f	f	2
769	Pierre Beaudry-Grenier	Beaudry-Grenier	Pierre	17	t	f	f	2
770	Nathalie Caron	Caron	Nathalie	17	t	f	f	2
771	Samuel Desgagné-Leblanc	Desgagné-Leblanc	Samuel	17	t	f	f	2
772	William Dion	Dion	William	17	t	f	f	2
773	Philippe Gignac	Gignac	Philippe	17	t	f	f	2
774	Alexandra Girouard	Girouard	Alexandra	17	t	f	f	2
775	Benjamin Moreau	Moreau	Benjamin	17	t	f	f	2
776	Matthieu Pinard	Pinard	Matthieu	17	t	f	f	2
777	Nathalie Pinard	Pinard	Nathalie	17	t	f	f	2
778	Sébastien Raymond	Raymond	Sébastien	17	t	f	f	2
779	Andréanne Tremblay-Lefebvre	Tremblay-Lefebvre	Andréanne	17	t	f	f	2
780	Audrey Duquette	Duquette	Audrey	19b	t	f	f	2
200	Catherine Beaulac	Beaulac	Catherine	01	t	f	f	1
201	Karine Bergeron	Bergeron	Karine	01	t	f	f	1
202	Louise Boivin	Boivin	Louise	01	t	f	f	1
203	Martine Boivin	Boivin	Martine	01	t	f	f	1
204	Marjolaine Cartier	Cartier	Marjolaine	01	t	f	f	1
205	Anny Chagnon	Chagnon	Anny	01	t	f	f	1
206	Kathleen Côté	Côté	Kathleen	01	t	f	f	1
207	Sylvie Croteau	Croteau	Sylvie	01	t	f	f	1
208	Mélissa Desrosiers	Desrosiers	Mélissa	01	t	f	f	1
209	Samuel Duranceau-Cloutier	Duranceau-Cloutier	Samuel	01	t	f	f	1
210	Isabelle Gauthier	Gauthier	Isabelle	01	t	f	f	1
211	Stéphanie Houle	Houle	Stéphanie	01	t	f	f	1
786	17-Tâche restante-1	\N	\N	17	t	t	f	1
792	01-Tâche restante-2	\N	\N	01	t	t	f	2
795	19b-Tâche restante-1	\N	\N	19b	t	t	f	2
801	11-Tâche restante-2	\N	\N	11	t	t	f	2
804	17-Tâche restante-1	\N	\N	17	t	t	f	2
807	13b-Tâche restante-1	\N	\N	13b	t	t	f	2
810	13b-Tâche restante-3	\N	\N	13b	t	t	f	2
812	13b-Tâche restante-5	\N	\N	13b	t	t	f	2
212	Geneviève Laflamme	Laflamme	Geneviève	01	t	f	f	1
213	Laurence Landry	Landry	Laurence	01	t	f	f	1
214	Mélanie Laprise	Laprise	Mélanie	01	t	f	f	1
216	Annie Maillette	Maillette	Annie	01	t	f	f	1
319	10-Tâche restante-1	\N	\N	10	t	t	f	1
320	08-Tâche restante-1	\N	\N	08	t	t	f	1
321	08-Tâche restante-2	\N	\N	08	t	t	f	1
322	08-Tâche restante-3	\N	\N	08	t	t	f	1
793	01-Tâche restante-3	\N	\N	01	t	t	f	2
796	19b-Tâche restante-2	\N	\N	19b	t	t	f	2
799	08-Tâche restante-1	\N	\N	08	t	t	f	2
802	08-Tâche restante-2	\N	\N	08	t	t	f	2
808	12-Tâche restante-2	\N	\N	12	t	t	f	2
811	13b-Tâche restante-4	\N	\N	13b	t	t	f	2
813	14-Tâche restante-1	\N	\N	14	t	t	f	2
215	Andréanne Leclerc	Leclerc	Andréanne	01	t	f	f	1
217	Valérie Martel	Martel	Valérie	01	t	f	f	1
218	Vanessa Martel	Martel	Vanessa	01	t	f	f	1
219	Catherine Mc Gee	Mc Gee	Catherine	01	t	f	f	1
220	Diane Noël	Noël	Diane	01	f	f	f	1
221	Marie-Andrée Nolette	Nolette	Marie-Andrée	01	t	f	f	1
222	Anne-Marie René	René	Anne-Marie	01	t	f	f	1
223	Jessica Rochon	Rochon	Jessica	01	t	f	f	1
224	Paule Thériault	Thériault	Paule	01	t	f	f	1
225	Marie-Josée Turcotte	Turcotte	Marie-Josée	01	t	f	f	1
226	Martine Turcotte	Turcotte	Martine	01	t	f	f	1
227	Shamelli Andrewn	Andrewn	Shamelli	08	t	f	f	1
228	Pierre-Étienne Cinq-Mars	Cinq-Mars	Pierre-Étienne	08	t	f	f	1
229	Mathieu Dubois	Dubois	Mathieu	08	t	f	f	1
230	Sarah Fallu	Fallu	Sarah	08	t	f	f	1
231	Mélanie Roy	Roy	Mélanie	08	f	f	f	1
232	Luc Salvas	Salvas	Luc	08	t	f	f	1
233	Fedela Volpicella	Volpicella	Fedela	08	t	f	f	1
234	David Bahl	Bahl	David	09	t	f	f	1
235	Jonathan Lavoie	Lavoie	Jonathan	09	t	f	f	1
236	Christian Leclair	Leclair	Christian	09	t	f	f	1
237	Roxanne Pépin	Pépin	Roxanne	09	t	f	f	1
238	Yanick Savoie	Savoie	Yanick	09	t	f	f	1
239	Joanie Drolet	Drolet	Joanie	11	t	f	f	1
240	Mélanie Hébert	Hébert	Mélanie	11	t	f	f	1
241	Cindy Jutras	Jutras	Cindy	11	f	f	f	1
242	Isabelle Roy	Roy	Isabelle	11	t	f	f	1
243	Marjolaine Arpin	Arpin	Marjolaine	12	t	f	f	1
244	Caroline Boisvert	Boisvert	Caroline	12	t	f	f	1
245	Naïma Bouachrime	Bouachrime	Naïma	12	t	f	f	1
246	Mathieu Comeau	Comeau	Mathieu	12	t	f	f	1
247	Geneviève Côté	Côté	Geneviève	12	t	f	f	1
248	Mireille Diwan	Diwan	Mireille	12	t	f	f	1
249	David Dubois	Dubois	David	12	t	f	f	1
250	Nathalie Héroux	Héroux	Nathalie	12	t	f	f	1
251	Annie Lacharité	Lacharité	Annie	12	t	f	f	1
252	Isabelle Laflamme	Laflamme	Isabelle	12	t	f	f	1
253	Maude Pellerin	Pellerin	Maude	12	t	f	f	1
254	Alexane Perreault	Perreault	Alexane	12	t	f	f	1
255	Anne-Marie Proulx	Proulx	Anne-Marie	12	t	f	f	1
256	Guylaine Roy	Roy	Guylaine	12	t	f	f	1
257	Mélissa Turcotte	Turcotte	Mélissa	12	t	f	f	1
258	Antoine Beaulieu-Michel	Beaulieu-Michel	Antoine	14	t	f	f	1
259	Nancy Dupuis	Dupuis	Nancy	14	t	f	f	1
260	Francine Langlois	Langlois	Francine	14	f	f	f	1
261	Nicolas Spina	Spina	Nicolas	14	t	f	f	1
262	Marie-Andrée Beaudoin	Beaudoin	Marie-Andrée	17	t	f	f	1
263	Nathalie Caron	Caron	Nathalie	17	t	f	f	1
264	Samuel Desgagné-Leblanc	Desgagné-Leblanc	Samuel	17	t	f	f	1
265	Philippe Gignac	Gignac	Philippe	17	t	f	f	1
266	Alexandra Girouard	Girouard	Alexandra	17	t	f	f	1
267	Benjamin Moreau	Moreau	Benjamin	17	t	f	f	1
268	Matthieu Pinard	Pinard	Matthieu	17	t	f	f	1
269	Nathalie Pinard	Pinard	Nathalie	17	t	f	f	1
270	Andréanne Tremblay-Lefebvre	Tremblay-Lefebvre	Andréanne	17	t	f	f	1
271	Joanie Bélanger	Bélanger	Joanie	13a	f	f	f	1
272	Karelle Bergeron Gauthier	Bergeron Gauthier	Karelle	13a	t	f	f	1
273	Karine Boivin	Boivin	Karine	13a	t	f	f	1
274	Marie-Ève Fontaine	Fontaine	Marie-Ève	13a	t	f	f	1
275	Sophie Gagné	Gagné	Sophie	13a	f	f	f	1
276	Marie-Andrée Lachapelle	Lachapelle	Marie-Andrée	13a	f	f	f	1
277	Chantal Laliberté	Laliberté	Chantal	13a	f	f	f	1
278	Audrey Leblanc	Leblanc	Audrey	13a	t	f	f	1
279	Thomas Leblanc	Leblanc	Thomas	13a	t	f	f	1
280	Stéphanie Mailhot	Mailhot	Stéphanie	13a	t	f	f	1
281	Hélène Martineau	Martineau	Hélène	13a	t	f	f	1
282	Martin Nadeau	Nadeau	Martin	13a	t	f	f	1
283	Sophie Turcotte	Turcotte	Sophie	13a	f	f	f	1
284	Denis Voyer	Voyer	Denis	13a	t	f	f	1
285	Marie-Pierre Bolduc	Bolduc	Marie-Pierre	13b	t	f	f	1
286	Luce Chapdelaine	Chapdelaine	Luce	13b	t	f	f	1
287	Marie-Andrée Charrette	Charrette	Marie-Andrée	13a	t	f	f	1
288	Sylvie Faucher	Faucher	Sylvie	13b	t	f	f	1
289	Patrick Giroux	Giroux	Patrick	13b	t	f	f	1
290	Marylène Lefebvre	Lefebvre	Marylène	13b	t	f	f	1
291	Didier Marion-Vanasse	Marion-Vanasse	Didier	13b	t	f	f	1
292	Mélanie Morin	Morin	Mélanie	13b	t	f	f	1
293	Stéphanie Pépin	Pépin	Stéphanie	13b	t	f	f	1
294	Myriam Taillon-Gardner	Taillon-Gardner	Myriam	13b	f	f	f	1
295	Pascal Tarakdjan	Tarakdjan	Pascal	13b	t	f	f	1
296	Audrey Duquette	Duquette	Audrey	19b	t	f	f	1
297	Katia Le Gendre	Le Gendre	Katia	19b	t	f	f	1
300	01-Tâche restante-1	\N	\N	01	t	t	f	1
313	09-Tâche restante-1	\N	\N	09	t	t	f	1
316	09-Tâche restante-2	\N	\N	09	t	t	f	1
317	09-Tâche restante-3	\N	\N	09	t	t	f	1
318	09-Tâche restante-4	\N	\N	09	t	t	f	1
825	10-Tâche restante-1	\N	\N	10	t	t	f	2
\.


--
-- Data for Name: preparation_horaire; Type: TABLE DATA; Schema: public; Owner: neondb_owner
--

COPY public.preparation_horaire (id, annee_id, secondaire_level, codecours, annee_id_cours, enseignant_id, colonne_assignee) FROM stdin;
25	2	2	FRA208	2	736	PSC
26	2	2	FRA208	2	736	PSC2
27	2	2	FRA208	2	736	PSE
28	2	2	FRA208	2	722	DLTA
29	2	2	FRA208	2	722	DLTA3
30	2	2	FRA208	2	722	PSA
31	2	2	FRA208	2	733	PSA2
32	2	2	FRA208	2	737	PSA2
\.


--
-- Data for Name: typesfinancement; Type: TABLE DATA; Schema: public; Owner: neondb_owner
--

COPY public.typesfinancement (code, libelle) FROM stdin;
R	Régulier
A	Adaptation Scolaire
SE	Sport-Études
SO	Soutien en Sport-études
MT	Mentorat
FM	Formanum
SLFA	Mesure Seuil (pour Fablab)
SLPP	Mesure Seuil (utilisée coordination PP)
SLRE	Mesure Seuil (ressources autres)
SLAL	Mesure Seuil (Bonifier Alterne)
ALT	Alterne
COSE	Coordination Sport-études
DI	Diplôma
AID	Aidesec
ER	Enseignant ressource
\.


--
-- Data for Name: user_champ_access; Type: TABLE DATA; Schema: public; Owner: neondb_owner
--

COPY public.user_champ_access (user_id, champ_no) FROM stdin;
23	01
23	08
\.


--
-- Data for Name: users; Type: TABLE DATA; Schema: public; Owner: neondb_owner
--

COPY public.users (id, username, password_hash, is_admin, is_dashboard_only) FROM stdin;
2	cloutiere	scrypt:32768:8:1$M0mMosJM5JQNZOiw$9ffd2746e7b29f9762f8a7a981a8dfacb77e13dea6c82a96a56af6cc7a42b3de9f14c360a48461c3cb22c47b65f932cd3d10252debf08c02748978de4a4ff03f	t	f
22	Dubois	scrypt:32768:8:1$6wtuLeNklNLAsyTu$11ec4afa0f29ee91d0d9bc2b895ddca47ced56a5c1df2f9a961572d714909171aa20e0903ff2f2670f5fa37236550070ca65e86a6be34e8742642658ddba74c4	f	t
23	Champ01	scrypt:32768:8:1$H4zASugJR2rS5rpP$92cdbeb9d95d2061d1c7988855510c45d9bfec4b4558c297a4465b962cc7f56d6a3229fb6ba9d7ad6130857ec4f5917ebd41bbaabe42a09d4dd751a61cd9dbc1	f	f
\.


--
-- Name: anneesscolaires_annee_id_seq; Type: SEQUENCE SET; Schema: public; Owner: neondb_owner
--

SELECT pg_catalog.setval('public.anneesscolaires_annee_id_seq', 2, true);


--
-- Name: attributionscours_attributionid_seq; Type: SEQUENCE SET; Schema: public; Owner: neondb_owner
--

SELECT pg_catalog.setval('public.attributionscours_attributionid_seq', 1440, true);


--
-- Name: enseignants_enseignantid_seq; Type: SEQUENCE SET; Schema: public; Owner: neondb_owner
--

SELECT pg_catalog.setval('public.enseignants_enseignantid_seq', 827, true);


--
-- Name: preparation_horaire_id_seq; Type: SEQUENCE SET; Schema: public; Owner: neondb_owner
--

SELECT pg_catalog.setval('public.preparation_horaire_id_seq', 32, true);


--
-- Name: users_id_seq; Type: SEQUENCE SET; Schema: public; Owner: neondb_owner
--

SELECT pg_catalog.setval('public.users_id_seq', 23, true);


--
-- Name: anneesscolaires anneesscolaires_libelle_annee_key; Type: CONSTRAINT; Schema: public; Owner: neondb_owner
--

ALTER TABLE ONLY public.anneesscolaires
    ADD CONSTRAINT anneesscolaires_libelle_annee_key UNIQUE (libelle_annee);


--
-- Name: anneesscolaires anneesscolaires_pkey; Type: CONSTRAINT; Schema: public; Owner: neondb_owner
--

ALTER TABLE ONLY public.anneesscolaires
    ADD CONSTRAINT anneesscolaires_pkey PRIMARY KEY (annee_id);


--
-- Name: attributionscours attributionscours_pkey; Type: CONSTRAINT; Schema: public; Owner: neondb_owner
--

ALTER TABLE ONLY public.attributionscours
    ADD CONSTRAINT attributionscours_pkey PRIMARY KEY (attributionid);


--
-- Name: champ_annee_statut champ_annee_statut_pkey; Type: CONSTRAINT; Schema: public; Owner: neondb_owner
--

ALTER TABLE ONLY public.champ_annee_statut
    ADD CONSTRAINT champ_annee_statut_pkey PRIMARY KEY (champ_no, annee_id);


--
-- Name: champ_annee_statuts champ_annee_statuts_pkey; Type: CONSTRAINT; Schema: public; Owner: neondb_owner
--

ALTER TABLE ONLY public.champ_annee_statuts
    ADD CONSTRAINT champ_annee_statuts_pkey PRIMARY KEY (champ_no, annee_id);


--
-- Name: champs champs_pkey; Type: CONSTRAINT; Schema: public; Owner: neondb_owner
--

ALTER TABLE ONLY public.champs
    ADD CONSTRAINT champs_pkey PRIMARY KEY (champno);


--
-- Name: cours cours_pkey; Type: CONSTRAINT; Schema: public; Owner: neondb_owner
--

ALTER TABLE ONLY public.cours
    ADD CONSTRAINT cours_pkey PRIMARY KEY (codecours, annee_id);


--
-- Name: enseignants enseignants_nom_prenom_annee_id_key; Type: CONSTRAINT; Schema: public; Owner: neondb_owner
--

ALTER TABLE ONLY public.enseignants
    ADD CONSTRAINT enseignants_nom_prenom_annee_id_key UNIQUE (nom, prenom, annee_id);


--
-- Name: enseignants enseignants_pkey; Type: CONSTRAINT; Schema: public; Owner: neondb_owner
--

ALTER TABLE ONLY public.enseignants
    ADD CONSTRAINT enseignants_pkey PRIMARY KEY (enseignantid);


--
-- Name: preparation_horaire preparation_horaire_pkey; Type: CONSTRAINT; Schema: public; Owner: neondb_owner
--

ALTER TABLE ONLY public.preparation_horaire
    ADD CONSTRAINT preparation_horaire_pkey PRIMARY KEY (id);


--
-- Name: preparation_horaire preparation_horaire_unique_assignment; Type: CONSTRAINT; Schema: public; Owner: neondb_owner
--

ALTER TABLE ONLY public.preparation_horaire
    ADD CONSTRAINT preparation_horaire_unique_assignment UNIQUE (annee_id, secondaire_level, enseignant_id, colonne_assignee);


--
-- Name: typesfinancement typesfinancement_pkey; Type: CONSTRAINT; Schema: public; Owner: neondb_owner
--

ALTER TABLE ONLY public.typesfinancement
    ADD CONSTRAINT typesfinancement_pkey PRIMARY KEY (code);


--
-- Name: user_champ_access user_champ_access_pkey; Type: CONSTRAINT; Schema: public; Owner: neondb_owner
--

ALTER TABLE ONLY public.user_champ_access
    ADD CONSTRAINT user_champ_access_pkey PRIMARY KEY (user_id, champ_no);


--
-- Name: users users_pkey; Type: CONSTRAINT; Schema: public; Owner: neondb_owner
--

ALTER TABLE ONLY public.users
    ADD CONSTRAINT users_pkey PRIMARY KEY (id);


--
-- Name: users users_username_key; Type: CONSTRAINT; Schema: public; Owner: neondb_owner
--

ALTER TABLE ONLY public.users
    ADD CONSTRAINT users_username_key UNIQUE (username);


--
-- Name: annee_courante_unique_idx; Type: INDEX; Schema: public; Owner: neondb_owner
--

CREATE UNIQUE INDEX annee_courante_unique_idx ON public.anneesscolaires USING btree (est_courante) WHERE (est_courante = true);


--
-- Name: idx_attributions_enseignant_cours; Type: INDEX; Schema: public; Owner: neondb_owner
--

CREATE INDEX idx_attributions_enseignant_cours ON public.attributionscours USING btree (enseignantid, codecours);


--
-- Name: idx_cours_champno; Type: INDEX; Schema: public; Owner: neondb_owner
--

CREATE INDEX idx_cours_champno ON public.cours USING btree (champno);


--
-- Name: idx_enseignants_champno; Type: INDEX; Schema: public; Owner: neondb_owner
--

CREATE INDEX idx_enseignants_champno ON public.enseignants USING btree (champno);


--
-- Name: idx_enseignants_nom_prenom; Type: INDEX; Schema: public; Owner: neondb_owner
--

CREATE INDEX idx_enseignants_nom_prenom ON public.enseignants USING btree (nom COLLATE "fr-CA-x-icu", prenom COLLATE "fr-CA-x-icu");


--
-- Name: attributionscours attributionscours_cours_fkey; Type: FK CONSTRAINT; Schema: public; Owner: neondb_owner
--

ALTER TABLE ONLY public.attributionscours
    ADD CONSTRAINT attributionscours_cours_fkey FOREIGN KEY (codecours, annee_id_cours) REFERENCES public.cours(codecours, annee_id) ON DELETE RESTRICT;


--
-- Name: attributionscours attributionscours_enseignantid_fkey; Type: FK CONSTRAINT; Schema: public; Owner: neondb_owner
--

ALTER TABLE ONLY public.attributionscours
    ADD CONSTRAINT attributionscours_enseignantid_fkey FOREIGN KEY (enseignantid) REFERENCES public.enseignants(enseignantid) ON DELETE CASCADE;


--
-- Name: champ_annee_statut champ_annee_statut_annee_id_fkey; Type: FK CONSTRAINT; Schema: public; Owner: neondb_owner
--

ALTER TABLE ONLY public.champ_annee_statut
    ADD CONSTRAINT champ_annee_statut_annee_id_fkey FOREIGN KEY (annee_id) REFERENCES public.anneesscolaires(annee_id) ON DELETE CASCADE;


--
-- Name: champ_annee_statut champ_annee_statut_champ_no_fkey; Type: FK CONSTRAINT; Schema: public; Owner: neondb_owner
--

ALTER TABLE ONLY public.champ_annee_statut
    ADD CONSTRAINT champ_annee_statut_champ_no_fkey FOREIGN KEY (champ_no) REFERENCES public.champs(champno) ON DELETE CASCADE;


--
-- Name: champ_annee_statuts champ_annee_statuts_annee_id_fkey; Type: FK CONSTRAINT; Schema: public; Owner: neondb_owner
--

ALTER TABLE ONLY public.champ_annee_statuts
    ADD CONSTRAINT champ_annee_statuts_annee_id_fkey FOREIGN KEY (annee_id) REFERENCES public.anneesscolaires(annee_id) ON DELETE CASCADE;


--
-- Name: champ_annee_statuts champ_annee_statuts_champ_no_fkey; Type: FK CONSTRAINT; Schema: public; Owner: neondb_owner
--

ALTER TABLE ONLY public.champ_annee_statuts
    ADD CONSTRAINT champ_annee_statuts_champ_no_fkey FOREIGN KEY (champ_no) REFERENCES public.champs(champno) ON DELETE CASCADE;


--
-- Name: cours cours_annee_id_fkey; Type: FK CONSTRAINT; Schema: public; Owner: neondb_owner
--

ALTER TABLE ONLY public.cours
    ADD CONSTRAINT cours_annee_id_fkey FOREIGN KEY (annee_id) REFERENCES public.anneesscolaires(annee_id) ON DELETE RESTRICT;


--
-- Name: cours cours_champno_fkey; Type: FK CONSTRAINT; Schema: public; Owner: neondb_owner
--

ALTER TABLE ONLY public.cours
    ADD CONSTRAINT cours_champno_fkey FOREIGN KEY (champno) REFERENCES public.champs(champno);


--
-- Name: cours cours_financement_code_fkey; Type: FK CONSTRAINT; Schema: public; Owner: neondb_owner
--

ALTER TABLE ONLY public.cours
    ADD CONSTRAINT cours_financement_code_fkey FOREIGN KEY (financement_code) REFERENCES public.typesfinancement(code) ON DELETE SET NULL;


--
-- Name: enseignants enseignants_annee_id_fkey; Type: FK CONSTRAINT; Schema: public; Owner: neondb_owner
--

ALTER TABLE ONLY public.enseignants
    ADD CONSTRAINT enseignants_annee_id_fkey FOREIGN KEY (annee_id) REFERENCES public.anneesscolaires(annee_id) ON DELETE RESTRICT;


--
-- Name: enseignants enseignants_champno_fkey; Type: FK CONSTRAINT; Schema: public; Owner: neondb_owner
--

ALTER TABLE ONLY public.enseignants
    ADD CONSTRAINT enseignants_champno_fkey FOREIGN KEY (champno) REFERENCES public.champs(champno);


--
-- Name: preparation_horaire preparation_horaire_annee_id_fkey; Type: FK CONSTRAINT; Schema: public; Owner: neondb_owner
--

ALTER TABLE ONLY public.preparation_horaire
    ADD CONSTRAINT preparation_horaire_annee_id_fkey FOREIGN KEY (annee_id) REFERENCES public.anneesscolaires(annee_id) ON DELETE CASCADE;


--
-- Name: preparation_horaire preparation_horaire_cours_fkey; Type: FK CONSTRAINT; Schema: public; Owner: neondb_owner
--

ALTER TABLE ONLY public.preparation_horaire
    ADD CONSTRAINT preparation_horaire_cours_fkey FOREIGN KEY (codecours, annee_id_cours) REFERENCES public.cours(codecours, annee_id) ON DELETE CASCADE;


--
-- Name: preparation_horaire preparation_horaire_enseignant_id_fkey; Type: FK CONSTRAINT; Schema: public; Owner: neondb_owner
--

ALTER TABLE ONLY public.preparation_horaire
    ADD CONSTRAINT preparation_horaire_enseignant_id_fkey FOREIGN KEY (enseignant_id) REFERENCES public.enseignants(enseignantid) ON DELETE CASCADE;


--
-- Name: user_champ_access user_champ_access_champ_no_fkey; Type: FK CONSTRAINT; Schema: public; Owner: neondb_owner
--

ALTER TABLE ONLY public.user_champ_access
    ADD CONSTRAINT user_champ_access_champ_no_fkey FOREIGN KEY (champ_no) REFERENCES public.champs(champno) ON DELETE CASCADE;


--
-- Name: user_champ_access user_champ_access_user_id_fkey; Type: FK CONSTRAINT; Schema: public; Owner: neondb_owner
--

ALTER TABLE ONLY public.user_champ_access
    ADD CONSTRAINT user_champ_access_user_id_fkey FOREIGN KEY (user_id) REFERENCES public.users(id) ON DELETE CASCADE;


--
-- Name: DEFAULT PRIVILEGES FOR SEQUENCES; Type: DEFAULT ACL; Schema: public; Owner: cloud_admin
--

ALTER DEFAULT PRIVILEGES FOR ROLE cloud_admin IN SCHEMA public GRANT ALL ON SEQUENCES TO neon_superuser WITH GRANT OPTION;


--
-- Name: DEFAULT PRIVILEGES FOR TABLES; Type: DEFAULT ACL; Schema: public; Owner: cloud_admin
--

ALTER DEFAULT PRIVILEGES FOR ROLE cloud_admin IN SCHEMA public GRANT ALL ON TABLES TO neon_superuser WITH GRANT OPTION;


--
-- PostgreSQL database dump complete
--

